reporter_name,gene_name,gene_entrez_id
618400,gntU,2847760
618402,yiiD,948387
618408,cfa,944811
618416,mdoH,945624
618446,ydhX,947308
618460,chiA,947837
618479,yghA,947478
618494,insD_v3,947517
618497,blc,948670
618549,hisF,946516
618550,yehD,946619
618551,fliA,948824
618552,yjeK,948662
618553,yhfS,947884
618554,cyaA,947755
618555,ybhT,945365
618556,nrfG,948592
618557,psiF,945040
618558,sstT,947605
618559,djlB,945245
618560,glf,945235
618561,yaiX_v2,4056039
618562,ansB,947454
618563,yqeJ,947328
618564,yehE,946615
618565,recJ,947367
618566,cbrB,948231
618567,glvC,2847721
618568,artJ,948981
618569,paaY,945965
618570,ymfJ,945718
618571,gabP,948049
618572,yjiW,949088
618573,gmm,946559
618574,creC,948609
618575,yfdR,946834
618576,yraH,947658
618577,wcaL,946565
618578,wcaB,946573
618579,dicC,946120
618580,ybgQ,946537
618604,gntU,2847760
618606,yiiD,948387
618612,cfa,944811
618620,mdoH,945624
618650,ydhX,947308
618664,chiA,947837
618683,yghA,947478
618698,insD_v3,947517
618701,blc,948670
618753,hisF,946516
618754,yehD,946619
618755,fliA,948824
618756,yjeK,948662
618757,yhfS,947884
618758,cyaA,947755
618759,ybhT,945365
618760,nrfG,948592
618761,psiF,945040
618762,sstT,947605
618763,djlB,945245
618764,glf,945235
618765,yaiX_v2,4056039
618766,ansB,947454
618767,yqeJ,947328
618768,yehE,946615
618769,recJ,947367
618770,cbrB,948231
618771,glvC,2847721
618772,artJ,948981
618773,paaY,945965
618774,ymfJ,945718
618775,gabP,948049
618776,yjiW,949088
618777,gmm,946559
618778,creC,948609
618779,yfdR,946834
618780,yraH,947658
618781,wcaL,946565
618782,wcaB,946573
618783,dicC,946120
618784,ybgQ,946537
618804,recR,945100
618821,proY,945050
618825,yjhC,948808
618832,ptrB,946358
618833,caiB,948997
618835,phnJ,948606
618837,yjeM,948679
618858,ynfA,946125
618865,pyrD,945556
618876,ydfD,946102
618908,rluE,945701
618911,ydjY,946248
618957,sufB,945753
618958,ydaV,945926
618959,asr,945103
618960,rrsH,948332
618961,xapB,946868
618962,intA,946160
618963,ytfT,948743
618964,ybcS,947539
618965,ykfA,949004
618966,ybhD,944869
618967,yfdT,946836
618968,yjgL,948776
618969,ydaT,945924
618970,ypaA,1450280
618971,paaD,945959
618972,rihC,944796
618973,ysaB,1450292
618974,yffL,946922
618975,dicA,946241
618976,ybhH,945375
618977,ydfA,946082
618978,rydC,5061508
618979,ybdO,945216
618980,yaaW,944771
618981,yegL,946602
618982,yjgJ,948775
618983,yjiR,949089
618984,yagN,945349
618985,yeeS,946514
618986,yefM,946542
618987,elbA,945729
618988,yagH,944949
618989,ydiP,945095
618990,yjiA,948882
618991,proL,946320
618993,micC,2847713
618994,ybhU,5061512
619008,recR,945100
619025,proY,945050
619029,yjhC,948808
619036,ptrB,946358
619037,caiB,948997
619039,phnJ,948606
619041,yjeM,948679
619062,ynfA,946125
619069,pyrD,945556
619080,ydfD,946102
619112,rluE,945701
619115,ydjY,946248
619161,sufB,945753
619162,ydaV,945926
619163,asr,945103
619164,rrsH,948332
619165,xapB,946868
619166,intA,946160
619167,ytfT,948743
619168,ybcS,947539
619169,ykfA,949004
619170,ybhD,944869
619171,yfdT,946836
619172,yjgL,948776
619173,ydaT,945924
619174,ypaA,1450280
619175,paaD,945959
619176,rihC,944796
619177,ysaB,1450292
619178,yffL,946922
619179,dicA,946241
619180,ybhH,945375
619181,ydfA,946082
619182,rydC,5061508
619183,ybdO,945216
619184,yaaW,944771
619185,yegL,946602
619186,yjgJ,948775
619187,yjiR,949089
619188,yagN,945349
619189,yeeS,946514
619190,yefM,946542
619191,elbA,945729
619192,yagH,944949
619193,ydiP,945095
619194,yjiA,948882
619195,proL,946320
619197,micC,2847713
619198,ybhU,5061512
619205,ribE,946453
619224,yicC,948154
619231,yfjD,2847739
619233,yihQ,948376
619236,mhpE,945012
619259,yhiL_v2,
619263,yibV,5061524
619269,bacA,947551
619272,ylbEpseudogene_v2,
619313,dsbG,945224
619343,mdtH,946920
619348,mltA,944964
619360,efeUpseudogene,
619365,yggW,947446
619366,appY,948797
619367,folK,948792
619368,cpsB,946580
619369,ybhI,945377
619370,dacD,946518
619371,hsdM,948872
619372,ykfC,944940
619373,yajL,945066
619374,csiD,948076
619375,ymfN,945708
619376,livH,947965
619377,torZ,946389
619378,ascB,947460
619379,yhiS_v2,
619380,rffT,2847677
619381,ybhP,945408
619382,proK,948061
619383,ydbApseudogene,
619384,moeB,945452
619385,yfjX,947126
619386,trpT,948275
619387,phr,947005
619388,tauB,945027
619389,yafL,944899
619390,ygeF_v2,946823
619391,yfeK,946876
619392,ygeG,946986
619393,fliH,946456
619394,insC,945967
619395,glpR,947926
619396,aslA,949015
619397,yeeW,946535
619398,rfaB,948144
619399,yjgF,948771
619400,puuB,945072
619401,alaV,948337
619402,dinQ,5061522
619403,gadY,2847729
619404,rprA,2847671
619409,ribE,946453
619428,yicC,948154
619435,yfjD,2847739
619437,yihQ,948376
619440,mhpE,945012
619463,yhiL_v2,
619467,yibV,5061524
619473,bacA,947551
619476,ylbEpseudogene_v2,
619517,dsbG,945224
619547,mdtH,946920
619552,mltA,944964
619564,efeUpseudogene,
619569,yggW,947446
619570,appY,948797
619571,folK,948792
619572,cpsB,946580
619573,ybhI,945377
619574,dacD,946518
619575,hsdM,948872
619576,ykfC,944940
619577,yajL,945066
619578,csiD,948076
619579,ymfN,945708
619580,livH,947965
619581,torZ,946389
619582,ascB,947460
619583,yhiS_v2,
619584,rffT,2847677
619585,ybhP,945408
619586,proK,948061
619587,ydbApseudogene,
619588,moeB,945452
619589,yfjX,947126
619590,trpT,948275
619591,phr,947005
619592,tauB,945027
619593,yafL,944899
619594,ygeF_v2,946823
619595,yfeK,946876
619596,ygeG,946986
619597,fliH,946456
619598,insC,945967
619599,glpR,947926
619600,aslA,949015
619601,yeeW,946535
619602,rfaB,948144
619603,yjgF,948771
619604,puuB,945072
619605,alaV,948337
619606,dinQ,5061522
619607,gadY,2847729
619608,rprA,2847671
619620,yejH,945529
619634,yqeG,945028
619647,ybbJ,945126
619654,ansP,946019
619664,mglB,949041
619686,dos,945815
619689,yjgN,948784
619699,wcaE,946543
619720,yhjQpseudogene,948052
619765,tpr,946224
619768,yafFpseudogene,1450235
619773,yffO,946929
619774,fliD,946428
619775,envZ,947272
619776,yajO,946903
619777,yfcR,946818
619778,afuBpseudogene,947073
619779,yecR,946386
619780,phnC,948623
619781,ybfK,948953
619782,tauD,945021
619783,hisI,946515
619784,ydhJ,946499
619785,yedE,945192
619786,panE,945065
619787,araD,945294
619788,yhcH,947750
619789,cobC,945246
619790,pheV,947463
619791,hemY,948311
619792,yeaL,946307
619793,yedJ,946478
619794,relE,947549
619795,yheM,947853
619796,yagJ,949094
619797,proM,948303
619798,putP,945602
619799,hemX,948446
619800,wbbLpseudogene,
619801,yfeT,946568
619802,ylbF,945195
619803,fadA,948324
619804,ymfD,945329
619805,galT,945357
619806,yfdM,945416
619807,moaA,945392
619808,leuX,948803
619809,ldrA,2847733
619810,ydfO,945992
619811,yedNpseudogene,
619812,istR,5061525
619824,yejH,945529
619838,yqeG,945028
619851,ybbJ,945126
619858,ansP,946019
619868,mglB,949041
619890,dos,945815
619893,yjgN,948784
619903,wcaE,946543
619924,yhjQpseudogene,948052
619969,tpr,946224
619972,yafFpseudogene,1450235
619977,yffO,946929
619978,fliD,946428
619979,envZ,947272
619980,yajO,946903
619981,yfcR,946818
619982,afuBpseudogene,947073
619983,yecR,946386
619984,phnC,948623
619985,ybfK,948953
619986,tauD,945021
619987,hisI,946515
619988,ydhJ,946499
619989,yedE,945192
619990,panE,945065
619991,araD,945294
619992,yhcH,947750
619993,cobC,945246
619994,pheV,947463
619995,hemY,948311
619996,yeaL,946307
619997,yedJ,946478
619998,relE,947549
619999,yheM,947853
620000,yagJ,949094
620001,proM,948303
620002,putP,945602
620003,hemX,948446
620004,wbbLpseudogene,
620005,yfeT,946568
620006,ylbF,945195
620007,fadA,948324
620008,ymfD,945329
620009,galT,945357
620010,yfdM,945416
620011,moaA,945392
620012,leuX,948803
620013,ldrA,2847733
620014,ydfO,945992
620015,yedNpseudogene,
620016,istR,5061525
620022,ygjK,947596
620033,yoeFpseudogene,1450273
620050,ytfE,948724
620075,mobB,948343
620089,yqeH,945263
620101,ulaB,948716
620109,djlC,945253
620119,gapCpseudogene_v2,
620142,atoA,946719
620159,yoeA,
620181,yedA,946461
620182,ydfB,946176
620183,yedW,946486
620184,galK,945358
620185,yejO,
620186,valT,945331
620187,yedF,946909
620188,psrD,2847755
620189,lomRpseudogene,
620190,ylcI,1450267
620191,paaH,945940
620192,dinJ,944914
620193,modA,945364
620194,ydaU,945925
620195,yffN,946930
620196,ychGpseudogene_v3,
620197,nadR,948911
620198,fliG,946451
620199,yaiX,4056039
620200,yedR,946477
620201,ycfZ,945685
620202,yabP,
620203,yedI,946465
620204,ydfP,946101
620205,phnI,948605
620206,ryiA,2847678
620207,wcaK,946569
620208,mrcB,944843
620209,ygcL,947222
620210,creB,948922
620211,yfdOpseudogene,
620212,modF,945368
620226,ygjK,947596
620237,yoeFpseudogene,1450273
620254,ytfE,948724
620279,mobB,948343
620293,yqeH,945263
620305,ulaB,948716
620313,djlC,945253
620323,gapCpseudogene_v2,
620346,atoA,946719
620363,yoeA,
620385,yedA,946461
620386,ydfB,946176
620387,yedW,946486
620388,galK,945358
620389,yejO,
620390,valT,945331
620391,yedF,946909
620392,psrD,2847755
620393,lomRpseudogene,
620394,ylcI,1450267
620395,paaH,945940
620396,dinJ,944914
620397,modA,945364
620398,ydaU,945925
620399,yffN,946930
620400,ychGpseudogene_v3,
620401,nadR,948911
620402,fliG,946451
620403,yaiX,4056039
620404,yedR,946477
620405,ycfZ,945685
620406,yabP,
620407,yedI,946465
620408,ydfP,946101
620409,phnI,948605
620410,ryiA,2847678
620411,wcaK,946569
620412,mrcB,944843
620413,ygcL,947222
620414,creB,948922
620415,yfdOpseudogene,
620416,modF,945368
620451,yciM,944858
620477,yciT,945869
620486,ycgN,945804
620488,yibJ,948112
620498,yeiB,949044
620516,prpR,944987
620547,yghG,947470
620552,yfaD,946737
620553,sapC,945266
620554,yfdX,949108
620568,nuoN,945136
620571,rcsC,948993
620589,ygcK,947223
620590,wcaA,946570
620591,mmuM,946143
620592,dinD,948153
620593,isrB,2847689
620594,micF,2847742
620595,yfeW,946907
620596,yhcD,947738
620597,yjgK,948777
620598,yjjJ,944883
620599,ulaG,948705
620600,yecS,949105
620601,yahF,947298
620602,yfiH,947089
620603,yaaI,944751
620604,hisA,946521
620605,mtr,947675
620606,yfbL,945832
620607,yedZ,946483
620608,ybfF,945288
620609,chaC,945793
620610,rfaP,948150
620611,rutE,946591
620612,astD,946260
620613,rbsD,948267
620614,kefB,947858
620615,ycdU,945592
620616,abrB,945321
620617,yhhK,947963
620618,yfjQ,947127
620619,zraS,948506
620620,lolD,945670
620621,ybfG,945287
620622,yhcG,947739
620623,maoC,945954
620625,yojO,5061514
620626,rygD,2847684
620655,yciM,944858
620681,yciT,945869
620690,ycgN,945804
620692,yibJ,948112
620702,yeiB,949044
620720,prpR,944987
620751,yghG,947470
620756,yfaD,946737
620757,sapC,945266
620758,yfdX,949108
620772,nuoN,945136
620775,rcsC,948993
620793,ygcK,947223
620794,wcaA,946570
620795,mmuM,946143
620796,dinD,948153
620797,isrB,2847689
620798,micF,2847742
620799,yfeW,946907
620800,yhcD,947738
620801,yjgK,948777
620802,yjjJ,944883
620803,ulaG,948705
620804,yecS,949105
620805,yahF,947298
620806,yfiH,947089
620807,yaaI,944751
620808,hisA,946521
620809,mtr,947675
620810,yfbL,945832
620811,yedZ,946483
620812,ybfF,945288
620813,chaC,945793
620814,rfaP,948150
620815,rutE,946591
620816,astD,946260
620817,rbsD,948267
620818,kefB,947858
620819,ycdU,945592
620820,abrB,945321
620821,yhhK,947963
620822,yfjQ,947127
620823,zraS,948506
620824,lolD,945670
620825,ybfG,945287
620826,yhcG,947739
620827,maoC,945954
620829,yojO,5061514
620830,rygD,2847684
620853,rstB,948870
620861,gapCpseudogene,
620870,mdoD,945994
620884,ycfJ,945977
620903,renD_v2,945024
620938,mrdB,945238
620939,hemB,945017
620941,gsiA,945457
620947,mgtA,948778
620948,yqiG_v2,947529
620952,ynjC,946273
620965,yjiH,948856
620972,yjhRpseudogene_v2,944740
620975,eutH,944979
620997,nudJ,945689
620998,yhcEpseudogene,
620999,cspI,946099
621000,cysM,946888
621001,yeaR,946317
621002,sroF,2847700
621003,yeeT,946513
621004,yffM,946921
621005,leuU,947505
621006,serU,946492
621007,insN_v2,
621008,pldA,948307
621009,yhdW,947766
621010,cbrA,948197
621011,yfjVpseudogene_v2,
621012,yfdH,949098
621013,asnT,946509
621014,yebS,946353
621015,aceK,944797
621016,ydfE,946113
621017,fliS,946429
621018,wzxC,946581
621019,ydfW,946111
621020,fpr,948414
621021,fliL,946443
621022,rfbX,946557
621023,ygeOpseudogene,947325
621024,rutF,946594
621025,yihM,948367
621026,ymfI,945712
621027,insH,946163
621028,yjiS,948903
621029,yddG,945942
621030,ilvD,948277
621031,ybaV,945884
621032,yfjR,947309
621033,oxyS,2847701
621034,rttR,946224
621035,icdCpseudogene,4056026
621036,rygC,2847749
621057,rstB,948870
621065,gapCpseudogene,
621074,mdoD,945994
621088,ycfJ,945977
621107,renD_v2,945024
621142,mrdB,945238
621143,hemB,945017
621145,gsiA,945457
621151,mgtA,948778
621152,yqiG_v2,947529
621156,ynjC,946273
621169,yjiH,948856
621176,yjhRpseudogene_v2,944740
621179,eutH,944979
621201,nudJ,945689
621202,yhcEpseudogene,
621203,cspI,946099
621204,cysM,946888
621205,yeaR,946317
621206,sroF,2847700
621207,yeeT,946513
621208,yffM,946921
621209,leuU,947505
621210,serU,946492
621211,insN_v2,
621212,pldA,948307
621213,yhdW,947766
621214,cbrA,948197
621215,yfjVpseudogene_v2,
621216,yfdH,949098
621217,asnT,946509
621218,yebS,946353
621219,aceK,944797
621220,ydfE,946113
621221,fliS,946429
621222,wzxC,946581
621223,ydfW,946111
621224,fpr,948414
621225,fliL,946443
621226,rfbX,946557
621227,ygeOpseudogene,947325
621228,rutF,946594
621229,yihM,948367
621230,ymfI,945712
621231,insH,946163
621232,yjiS,948903
621233,yddG,945942
621234,ilvD,948277
621235,ybaV,945884
621236,yfjR,947309
621237,oxyS,2847701
621238,rttR,946224
621239,icdCpseudogene,4056026
621240,rygC,2847749
621261,rsxC,946137
621280,fhuA,944856
621281,lfhApseudogene,944908
621314,pabB,946337
621319,ymfA,945684
621328,glnX,945255
621333,rhsEpseudogene,946026
621334,dhaM,945749
621347,ygeY,947360
621352,kdsC,947717
621365,ychO,945801
621367,yciQ,945850
621375,ytfJ,948737
621376,fimB,948832
621379,ycjV_v2,4306141
621392,yicN,948173
621405,yeiN,946699
621406,fucA,947282
621407,aroD,946210
621408,pblpseudogene_v2,947338
621409,ybeU,945244
621410,argQ,946596
621411,aaeX,947751
621412,yfbP,946754
621413,ygbT,947228
621414,ymfPpseudogene,945703
621415,ymdEpseudogene,945589
621416,yfdS,946426
621417,lsrA,945680
621418,mmuP,946284
621419,tfaXpseudogene,945183
621420,sroB,5061500
621421,hchA,946481
621422,cysP,946883
621423,yqgA,947462
621424,yihL,948368
621425,insN,
621426,ymfT,945720
621427,lsrK,946069
621428,yheV,1450290
621429,ptsA,948437
621430,ytfN,948742
621431,ffs,944909
621432,ygeI,947336
621433,htrE,944819
621434,thrW,947202
621435,puuP,946287
621436,yccE,947468
621437,rzpQ,946107
621438,yidZ,948227
621439,lsrR,946070
621440,ybfN,945713
621441,ybfLpseudogene,947992
621442,yjbS,5061529
621443,ryeA,2847771
621444,ypjJ,1450287
621465,rsxC,946137
621484,fhuA,944856
621485,lfhApseudogene,944908
621518,pabB,946337
621523,ymfA,945684
621532,glnX,945255
621537,rhsEpseudogene,946026
621538,dhaM,945749
621551,ygeY,947360
621556,kdsC,947717
621569,ychO,945801
621571,yciQ,945850
621579,ytfJ,948737
621580,fimB,948832
621583,ycjV_v2,4306141
621596,yicN,948173
621609,yeiN,946699
621610,fucA,947282
621611,aroD,946210
621612,pblpseudogene_v2,947338
621613,ybeU,945244
621614,argQ,946596
621615,aaeX,947751
621616,yfbP,946754
621617,ygbT,947228
621618,ymfPpseudogene,945703
621619,ymdEpseudogene,945589
621620,yfdS,946426
621621,lsrA,945680
621622,mmuP,946284
621623,tfaXpseudogene,945183
621624,sroB,5061500
621625,hchA,946481
621626,cysP,946883
621627,yqgA,947462
621628,yihL,948368
621629,insN,
621630,ymfT,945720
621631,lsrK,946069
621632,yheV,1450290
621633,ptsA,948437
621634,ytfN,948742
621635,ffs,944909
621636,ygeI,947336
621637,htrE,944819
621638,thrW,947202
621639,puuP,946287
621640,yccE,947468
621641,rzpQ,946107
621642,yidZ,948227
621643,lsrR,946070
621644,ybfN,945713
621645,ybfLpseudogene,947992
621646,yjbS,5061529
621647,ryeA,2847771
621648,ypjJ,1450287
621655,ilvGpseudogene,
621672,cynR,945001
621675,ykgA,944956
621678,rffC,948298
621731,hemN,948362
621743,yghXpseudogene_v2,
621747,lepB,947040
621772,yjjB,948811
621776,bisC,946915
621782,insB_v7,4056034
621795,ymgG,945728
621799,prfB,947369
621813,tfaR,946060
621814,fliF,946448
621815,yfdN,946419
621816,leuZ,945662
621817,tisA,5061526
621818,yddV,945835
621819,livF,947961
621820,livM,947966
621821,ypjC,947640
621822,yfbN,946748
621823,yadK,944835
621824,yfdI,946822
621825,yfjT,947616
621826,yfaHpseudogene,946718
621827,wbbK,946555
621828,fhuD,947510
621829,ybgL,945318
621830,ygeH,946265
621831,yedL,946437
621832,glyU,947343
621833,fucP,947487
621834,fic,947872
621835,yjeO,948677
621836,ryfC,
621837,gltL,945254
621838,tauA,945030
621839,yodD,946469
621840,fliK,946449
621841,crcB,945798
621842,yjdF,948634
621843,hyfH,946965
621844,yagE,944925
621859,ilvGpseudogene,
621876,cynR,945001
621879,ykgA,944956
621882,rffC,948298
621935,hemN,948362
621947,yghXpseudogene_v2,
621951,lepB,947040
621976,yjjB,948811
621980,bisC,946915
621986,insB_v7,4056034
621999,ymgG,945728
622003,prfB,947369
622017,tfaR,946060
622018,fliF,946448
622019,yfdN,946419
622020,leuZ,945662
622021,tisA,5061526
622022,yddV,945835
622023,livF,947961
622024,livM,947966
622025,ypjC,947640
622026,yfbN,946748
622027,yadK,944835
622028,yfdI,946822
622029,yfjT,947616
622030,yfaHpseudogene,946718
622031,wbbK,946555
622032,fhuD,947510
622033,ybgL,945318
622034,ygeH,946265
622035,yedL,946437
622036,glyU,947343
622037,fucP,947487
622038,fic,947872
622039,yjeO,948677
622040,ryfC,
622041,gltL,945254
622042,tauA,945030
622043,yodD,946469
622044,fliK,946449
622045,crcB,945798
622046,yjdF,948634
622047,hyfH,946965
622048,yagE,944925
622076,mdtQ_v2,
622103,yddKpseudogene,947312
622120,intQpseudogene,946130
622131,purL,947032
622182,yaaJ,944745
622191,exoX,946361
622221,uvrC,947203
622222,cstA,945213
622223,perR,945417
622224,galE,945354
622225,yiaC,946460
622226,yedK,946435
622227,fre,948325
622228,yegX,945543
622229,cysU,946882
622230,hisG,946549
622231,thiQ,944785
622232,sokC,2847745
622233,nagB,945290
622234,uvrD,948347
622235,ygcB,947229
622236,ybcO,945147
622237,mdtQ,949123
622238,yncKpseudogene,
622239,argI,948774
622240,yfjU,945062
622241,yafUpseudogene,946644
622242,gnsB,946054
622243,wbbLpseudogene_v2,
622244,paaA,945833
622245,yehA,946642
622246,modC,945362
622247,ybdL,945211
622248,fdx,947160
622249,pepQ,948335
622250,chpB,948747
622251,yncA,946010
622252,yhcA,947741
622253,phoA,945041
622254,yjbF,948533
622255,yfjI,944764
622257,ygeNpseudogene_v2,
622258,metZ,947198
622280,mdtQ_v2,
622307,yddKpseudogene,947312
622324,intQpseudogene,946130
622335,purL,947032
622386,yaaJ,944745
622395,exoX,946361
622425,uvrC,947203
622426,cstA,945213
622427,perR,945417
622428,galE,945354
622429,yiaC,946460
622430,yedK,946435
622431,fre,948325
622432,yegX,945543
622433,cysU,946882
622434,hisG,946549
622435,thiQ,944785
622436,sokC,2847745
622437,nagB,945290
622438,uvrD,948347
622439,ygcB,947229
622440,ybcO,945147
622441,mdtQ,949123
622442,yncKpseudogene,
622443,argI,948774
622444,yfjU,945062
622445,yafUpseudogene,946644
622446,gnsB,946054
622447,wbbLpseudogene_v2,
622448,paaA,945833
622449,yehA,946642
622450,modC,945362
622451,ybdL,945211
622452,fdx,947160
622453,pepQ,948335
622454,chpB,948747
622455,yncA,946010
622456,yhcA,947741
622457,phoA,945041
622458,yjbF,948533
622459,yfjI,944764
622461,ygeNpseudogene_v2,
622462,metZ,947198
622488,phoE,944926
622493,sfmH,945407
622496,ydgJ,947164
622510,cusS,945978
622520,yieE,948226
622553,pgm,945271
622560,yhjV,948057
622568,insOpseudogene_v2,
622575,ydhM,946166
622583,idi,949020
622592,yjaB,948514
622622,cpsG,946574
622624,ymjCpseudogene,1450258
622629,dsrA,946470
622630,yfjH,946123
622631,yfcU,
622632,ygdT,5061519
622633,yciW,945859
622634,sgrS,4056038
622635,yjfZ,948719
622636,fliO,946458
622637,ydfX,946112
622638,yoeB,1450274
622639,fliN,946423
622640,cspF,946090
622641,yfdF,946819
622642,sufC,946128
622643,thrU,948476
622644,yqfB,947380
622645,yggI,947443
622646,ryeB,2847772
622647,ydhR,946177
622648,ybdH,945212
622649,yfjP,947124
622650,ychGpseudogene,
622651,tff,2847773
622652,galF,946560
622653,yncL,5061503
622654,ydaG,945907
622655,rcsD,946717
622656,xapR,946862
622657,recQ,948318
622658,metR,948310
622659,amyA,946434
622660,yfcO,946620
622661,fbaB,946632
622662,xapA,946878
622663,sbcB,946529
622664,modE,945366
622665,pheM,947212
622666,ryeD,2847674
622667,yfjVpseudogene,947563
622668,renD,
622692,phoE,944926
622697,sfmH,945407
622700,ydgJ,947164
622714,cusS,945978
622724,yieE,948226
622757,pgm,945271
622764,yhjV,948057
622772,insOpseudogene_v2,
622779,ydhM,946166
622787,idi,949020
622796,yjaB,948514
622826,cpsG,946574
622828,ymjCpseudogene,1450258
622833,dsrA,946470
622834,yfjH,946123
622835,yfcU,
622836,ygdT,5061519
622837,yciW,945859
622838,sgrS,4056038
622839,yjfZ,948719
622840,fliO,946458
622841,ydfX,946112
622842,yoeB,1450274
622843,fliN,946423
622844,cspF,946090
622845,yfdF,946819
622846,sufC,946128
622847,thrU,948476
622848,yqfB,947380
622849,yggI,947443
622850,ryeB,2847772
622851,ydhR,946177
622852,ybdH,945212
622853,yfjP,947124
622854,ychGpseudogene,
622855,tff,2847773
622856,galF,946560
622857,yncL,5061503
622858,ydaG,945907
622859,rcsD,946717
622860,xapR,946862
622861,recQ,948318
622862,metR,948310
622863,amyA,946434
622864,yfcO,946620
622865,fbaB,946632
622866,xapA,946878
622867,sbcB,946529
622868,modE,945366
622869,pheM,947212
622870,ryeD,2847674
622871,yfjVpseudogene,947563
622872,renD,
622884,rutR,945075
622896,yjgXpseudogene,
622902,yaiT_v2,
622905,ybiC,945412
622909,yjbT,5061528
622910,rluB,945840
622912,ybgH,947368
622946,phnE,948625
622956,yehHpseudogene,
622972,yrfF,947905
622974,udp,948987
622994,yggG,945173
623009,matB,948759
623020,recX,947172
623027,ynaK,947417
623037,pinHpseudogene,947250
623038,paaB,947595
623039,gnd,946554
623040,kdpC,947508
623041,rph_v2,948156
623042,dcm,946479
623043,gmd,946562
623044,arpA,944933
623045,rof,944891
623046,ytfG,948731
623047,ydfT,946103
623048,yoeA_v2,
623049,chpS,948739
623050,paaC,945956
623051,ynfO,1450267
623052,psrN,2847692
623053,bglA,947378
623054,ynaA,947543
623055,crl,945077
623056,yfdLpseudogene,949099
623057,zraP,948507
623058,yfdQ,946827
623059,yfjJ,947112
623060,ilvGpseudogene_v2,
623061,gltF,947746
623062,ybgP,945110
623063,rzpRpseudogene,945928
623064,galM,944943
623065,yfdK,948822
623066,ydfQ,946100
623067,yfbK,946743
623068,paaK,945963
623069,yeaM,946590
623070,fliR,946464
623071,rhaT,948398
623072,dcyD,946831
623073,yrhA_v2,
623074,ypaB,5061511
623075,yabP_v2,
623076,yedNpseudogene_v3,
623088,rutR,945075
623100,yjgXpseudogene,
623106,yaiT_v2,
623109,ybiC,945412
623113,yjbT,5061528
623114,rluB,945840
623116,ybgH,947368
623150,phnE,948625
623160,yehHpseudogene,
623176,yrfF,947905
623178,udp,948987
623198,yggG,945173
623213,matB,948759
623224,recX,947172
623231,ynaK,947417
623241,pinHpseudogene,947250
623242,paaB,947595
623243,gnd,946554
623244,kdpC,947508
623245,rph_v2,948156
623246,dcm,946479
623247,gmd,946562
623248,arpA,944933
623249,rof,944891
623250,ytfG,948731
623251,ydfT,946103
623252,yoeA_v2,
623253,chpS,948739
623254,paaC,945956
623255,ynfO,1450267
623256,psrN,2847692
623257,bglA,947378
623258,ynaA,947543
623259,crl,945077
623260,yfdLpseudogene,949099
623261,zraP,948507
623262,yfdQ,946827
623263,yfjJ,947112
623264,ilvGpseudogene_v2,
623265,gltF,947746
623266,ybgP,945110
623267,rzpRpseudogene,945928
623268,galM,944943
623269,yfdK,948822
623270,ydfQ,946100
623271,yfbK,946743
623272,paaK,945963
623273,yeaM,946590
623274,fliR,946464
623275,rhaT,948398
623276,dcyD,946831
623277,yrhA_v2,
623278,ypaB,5061511
623279,yabP_v2,
623280,yedNpseudogene_v3,
623304,ylbEpseudogene,
623321,fbaA,947415
623324,yddM,946040
623325,yajI,947233
623329,yeeL,2847764
623349,ftsK,945102
623387,yghOpseudogene,947701
623391,fucI,946195
623410,yfaL,946595
623428,yejB,946679
623445,rcsB,947441
623446,nupX,946655
623447,ybcY,945170
623448,ybdB,945215
623449,hcaF,946997
623450,ytfQ,948746
623451,srlE,948933
623452,gabD,948060
623453,ybaY,945070
623454,yjhF,949102
623455,paaF,946011
623456,rrfH,944898
623457,purK,945153
623458,yedSpseudogene_v2,
623459,rhtC,948317
623460,ygbF,947213
623461,wcaF,946578
623462,fliZ,946833
623463,rep,948292
623464,sgbU,948100
623465,ltaE,944955
623466,pyrE,948157
623467,lpxH,949053
623468,pinE,945721
623469,yhcF,947735
623470,yneL,946063
623471,ydiB,946200
623472,cybCpseudogene,948758
623473,ylbG_v2,946803
623474,nfsB,945778
623475,micA,2847697
623476,fliT,946433
623508,ylbEpseudogene,
623525,fbaA,947415
623528,yddM,946040
623529,yajI,947233
623533,yeeL,2847764
623553,ftsK,945102
623591,yghOpseudogene,947701
623595,fucI,946195
623614,yfaL,946595
623632,yejB,946679
623649,rcsB,947441
623650,nupX,946655
623651,ybcY,945170
623652,ybdB,945215
623653,hcaF,946997
623654,ytfQ,948746
623655,srlE,948933
623656,gabD,948060
623657,ybaY,945070
623658,yjhF,949102
623659,paaF,946011
623660,rrfH,944898
623661,purK,945153
623662,yedSpseudogene_v2,
623663,rhtC,948317
623664,ygbF,947213
623665,wcaF,946578
623666,fliZ,946833
623667,rep,948292
623668,sgbU,948100
623669,ltaE,944955
623670,pyrE,948157
623671,lpxH,949053
623672,pinE,945721
623673,yhcF,947735
623674,yneL,946063
623675,ydiB,946200
623676,cybCpseudogene,948758
623677,ylbG_v2,946803
623678,nfsB,945778
623679,micA,2847697
623680,fliT,946433
623693,aldA,945672
623715,agaWpseudogene,947647
623720,rhsA,947994
623802,bglB,948234
623811,glxK,945129
623815,cca,947553
623822,grpE,947097
623836,yihA,948358
623853,gntR,947946
623854,yfeS,946887
623855,isrC,2847691
623856,cysW,2847743
623857,dicF,946140
623858,yaiP,945308
623859,tnaC,948223
623860,visC,947389
623861,glyW,948682
623862,yncB,946012
623863,ysgA,948320
623864,yzgL,947933
623865,fepD,945214
623866,ydfU,946108
623867,ruvA,946369
623868,sufD,944878
623869,ygcJ,947224
623870,leuW,945264
623871,wbbI,947041
623872,yeaZ,946304
623873,rfaL,948148
623874,intF,947351
623875,yaiS,946967
623876,nfrB,945849
623877,yabI,944783
623878,entB,946178
623879,rnpB,947634
623880,yfjL,947110
623881,ytfI,948738
623882,xisE,945705
623883,potG,945476
623884,yegK,947269
623885,ymfR,945700
623886,paaJ,946121
623887,argF,944844
623889,yoaI,946294
623890,ryfD,5061506
623897,aldA,945672
623919,agaWpseudogene,947647
623924,rhsA,947994
624006,bglB,948234
624015,glxK,945129
624019,cca,947553
624026,grpE,947097
624040,yihA,948358
624057,gntR,947946
624058,yfeS,946887
624059,isrC,2847691
624060,cysW,2847743
624061,dicF,946140
624062,yaiP,945308
624063,tnaC,948223
624064,visC,947389
624065,glyW,948682
624066,yncB,946012
624067,ysgA,948320
624068,yzgL,947933
624069,fepD,945214
624070,ydfU,946108
624071,ruvA,946369
624072,sufD,944878
624073,ygcJ,947224
624074,leuW,945264
624075,wbbI,947041
624076,yeaZ,946304
624077,rfaL,948148
624078,intF,947351
624079,yaiS,946967
624080,nfrB,945849
624081,yabI,944783
624082,entB,946178
624083,rnpB,947634
624084,yfjL,947110
624085,ytfI,948738
624086,xisE,945705
624087,potG,945476
624088,yegK,947269
624089,ymfR,945700
624090,paaJ,946121
624091,argF,944844
624093,yoaI,946294
624094,ryfD,5061506
624120,serC,945527
624198,ydfJ_v2,
624201,cdsA,944876
624219,kduD,947323
624222,ndh,946792
624248,ypdB,947395
624254,caiE,948999
624256,ycgIpseudogene_v2,
624261,yhhL,947976
624262,yhaL,947618
624263,alpA,946758
624264,yafS,944903
624265,yedNpseudogene_v2,
624266,yjiP,948866
624267,envY,949114
624268,isrA,2847751
624269,ybhA,945372
624270,ygaF,948069
624271,paaX,945966
624272,prmB,946805
624273,recE,945918
624274,ryjB,5061532
624275,rdlD,2847731
624276,ymfO,945698
624277,yecH,946411
624278,nrfF,948578
624279,yfdG,948821
624280,tyrP,946412
624281,sufA,949014
624282,yfjW,947128
624283,ynfN,946097
624284,wbbJ,946556
624285,hisH,946544
624286,yafX,944931
624287,yagB,944944
624288,yodC,946466
624289,yfjS,945668
624290,ykfB,946846
624291,vsr,946476
624292,ygeK,
624293,ftsX,947969
624294,hisC,946551
624295,ygcH,947226
624296,stfR,945207
624297,rdlA,2847734
624298,rdlC,2847680
624299,tyrV,945811
624300,yabP_v3,
624324,serC,945527
624402,ydfJ_v2,
624405,cdsA,944876
624423,kduD,947323
624426,ndh,946792
624452,ypdB,947395
624458,caiE,948999
624460,ycgIpseudogene_v2,
624465,yhhL,947976
624466,yhaL,947618
624467,alpA,946758
624468,yafS,944903
624469,yedNpseudogene_v2,
624470,yjiP,948866
624471,envY,949114
624472,isrA,2847751
624473,ybhA,945372
624474,ygaF,948069
624475,paaX,945966
624476,prmB,946805
624477,recE,945918
624478,ryjB,5061532
624479,rdlD,2847731
624480,ymfO,945698
624481,yecH,946411
624482,nrfF,948578
624483,yfdG,948821
624484,tyrP,946412
624485,sufA,949014
624486,yfjW,947128
624487,ynfN,946097
624488,wbbJ,946556
624489,hisH,946544
624490,yafX,944931
624491,yagB,944944
624492,yodC,946466
624493,yfjS,945668
624494,ykfB,946846
624495,vsr,946476
624496,ygeK,
624497,ftsX,947969
624498,hisC,946551
624499,ygcH,947226
624500,stfR,945207
624501,rdlA,2847734
624502,rdlC,2847680
624503,tyrV,945811
624504,yabP_v3,
624536,argB,948464
624569,yqiK,947537
624586,tynA,945939
624587,glvGpseudogene,
624603,ybdN,945205
624604,yjhEpseudogene,948810
624626,yafO,944916
624632,gatRpseudogene,
624639,flgL,945646
624641,artP,945489
624643,yjhDpseudogene,948809
624655,mltB,947184
624658,yieG,948224
624669,ydaYpseudogene,946208
624670,yfbO,946752
624671,yecC,946422
624672,rfaZ,948146
624673,rcnA,949078
624674,ymfK,945719
624675,yghJ,2847716
624676,yfjZ,947123
624677,yafZ,945373
624678,yjgM,948772
624679,arpB_v2,948935
624680,rnlA,947107
624681,ykgN,1450237
624682,eutS,946936
624683,aroC,946814
624684,ymfM,945715
624685,yedP,946472
624686,yiaY,948102
624687,yghXpseudogene,
624688,pppA,947467
624689,yidP,948194
624690,yehB,946617
624691,ydfI,945861
624692,yqfEpseudogene,946707
624693,rfbC,947482
624694,yjhU,948827
624695,hsdS,948867
624696,ybdM,945206
624697,yafK,944910
624698,ileV,947778
624699,torI,1450232
624700,yheN,947852
624701,narJ,945807
624702,ykfM,5061498
624703,ybeT,945243
624704,rfaJ,948142
624705,ybcV,945178
624706,leuT,948873
624707,yjbL,948551
624708,ileY,947163
624740,argB,948464
624773,yqiK,947537
624790,tynA,945939
624791,glvGpseudogene,
624807,ybdN,945205
624808,yjhEpseudogene,948810
624830,yafO,944916
624836,gatRpseudogene,
624843,flgL,945646
624845,artP,945489
624847,yjhDpseudogene,948809
624859,mltB,947184
624862,yieG,948224
624873,ydaYpseudogene,946208
624874,yfbO,946752
624875,yecC,946422
624876,rfaZ,948146
624877,rcnA,949078
624878,ymfK,945719
624879,yghJ,2847716
624880,yfjZ,947123
624881,yafZ,945373
624882,yjgM,948772
624883,arpB_v2,948935
624884,rnlA,947107
624885,ykgN,1450237
624886,eutS,946936
624887,aroC,946814
624888,ymfM,945715
624889,yedP,946472
624890,yiaY,948102
624891,yghXpseudogene,
624892,pppA,947467
624893,yidP,948194
624894,yehB,946617
624895,ydfI,945861
624896,yqfEpseudogene,946707
624897,rfbC,947482
624898,yjhU,948827
624899,hsdS,948867
624900,ybdM,945206
624901,yafK,944910
624902,ileV,947778
624903,torI,1450232
624904,yheN,947852
624905,narJ,945807
624906,ykfM,5061498
624907,ybeT,945243
624908,rfaJ,948142
624909,ybcV,945178
624910,leuT,948873
624911,yjbL,948551
624912,ileY,947163
624918,iscX,945196
624929,yaiT,
624931,xylG,948127
624956,ybeM,
624969,hyfC,947492
624984,rfaC,948136
624993,yejO_v2,946867
624995,dgoT,948196
625005,insI,945968
625018,alx,947607
625022,ugpQ,947955
625030,yfhD,947028
625032,hemH,947532
625063,asnC,948259
625077,cysT,946414
625078,stfEpseudogene,945722
625079,nagC,945285
625080,lplA,944865
625081,glnW,945269
625082,ymfE,946722
625083,aaeR,947760
625084,hycI,947428
625085,ymfQ,945707
625086,ybfC,947288
625087,eutE,946943
625088,yhhM,947975
625089,metU,945280
625090,ybcF,944972
625091,eutL,946914
625092,yafE,946197
625093,rem,946109
625094,ygcI,947225
625095,omrA,2847746
625096,yqjE,947611
625097,yqjG,947615
625098,fliI,946457
625099,yjhH,948825
625100,ygeF,946823
625101,csrB,2847719
625102,ogrK,945404
625103,lomRpseudogene_v2,
625104,intE,948034
625105,moaE,945399
625106,fliM,946442
625107,yfjK,947111
625108,dinB,944922
625122,iscX,945196
625133,yaiT,
625135,xylG,948127
625160,ybeM,
625173,hyfC,947492
625188,rfaC,948136
625197,yejO_v2,946867
625199,dgoT,948196
625209,insI,945968
625222,alx,947607
625226,ugpQ,947955
625234,yfhD,947028
625236,hemH,947532
625267,asnC,948259
625281,cysT,946414
625282,stfEpseudogene,945722
625283,nagC,945285
625284,lplA,944865
625285,glnW,945269
625286,ymfE,946722
625287,aaeR,947760
625288,hycI,947428
625289,ymfQ,945707
625290,ybfC,947288
625291,eutE,946943
625292,yhhM,947975
625293,metU,945280
625294,ybcF,944972
625295,eutL,946914
625296,yafE,946197
625297,rem,946109
625298,ygcI,947225
625299,omrA,2847746
625300,yqjE,947611
625301,yqjG,947615
625302,fliI,946457
625303,yjhH,948825
625304,ygeF,946823
625305,csrB,2847719
625306,ogrK,945404
625307,lomRpseudogene_v2,
625308,intE,948034
625309,moaE,945399
625310,fliM,946442
625311,yfjK,947111
625312,dinB,944922
625333,yhbC,947680
625340,ylaB,948951
625346,yfdY,948842
625373,yghQ,947716
625377,lsrD,946264
625380,yhdW_v2,947766
625382,yeaC,947074
625388,uvrY,946424
625393,yjjX,948919
625408,yebB,946377
625411,wcaI,946588
625423,ydjM,945644
625451,umuC,946359
625453,yhjG,948043
625455,ybfOpseudogene,946124
625463,eutT,946939
625468,yhhJ,947991
625485,ycgHpseudogene,
625486,phnD,948624
625487,rnhB,944852
625488,rfaY,948145
625489,yhaV,947638
625490,lysT,945336
625491,argW,945486
625492,yedQ,946471
625493,yafP,944912
625494,ybcH,945186
625495,gsk,946584
625496,frwB,948447
625497,yjgXpseudogene_v2,
625498,ninE,945151
625499,yeePpseudogene,946524
625500,rydB,2847670
625501,nagK,945664
625502,flxA,947392
625503,hisD,946531
625504,yegI,947159
625505,panB,944839
625506,intGpseudogene,946445
625507,nmpCpseudogene_v2,
625508,yagM,944959
625509,yccJ,948930
625510,yagI,945016
625511,tilS,944889
625512,potI,945485
625513,cysH,947230
625514,rfaS,948151
625515,ryfA,2847714
625516,rhsC,945306
625517,mcrC,948880
625518,agaS,947645
625519,serT,944826
625521,sokA,5061523
625522,spf,948354
625537,yhbC,947680
625544,ylaB,948951
625550,yfdY,948842
625577,yghQ,947716
625581,lsrD,946264
625584,yhdW_v2,947766
625586,yeaC,947074
625592,uvrY,946424
625597,yjjX,948919
625612,yebB,946377
625615,wcaI,946588
625627,ydjM,945644
625655,umuC,946359
625657,yhjG,948043
625659,ybfOpseudogene,946124
625667,eutT,946939
625672,yhhJ,947991
625689,ycgHpseudogene,
625690,phnD,948624
625691,rnhB,944852
625692,rfaY,948145
625693,yhaV,947638
625694,lysT,945336
625695,argW,945486
625696,yedQ,946471
625697,yafP,944912
625698,ybcH,945186
625699,gsk,946584
625700,frwB,948447
625701,yjgXpseudogene_v2,
625702,ninE,945151
625703,yeePpseudogene,946524
625704,rydB,2847670
625705,nagK,945664
625706,flxA,947392
625707,hisD,946531
625708,yegI,947159
625709,panB,944839
625710,intGpseudogene,946445
625711,nmpCpseudogene_v2,
625712,yagM,944959
625713,yccJ,948930
625714,yagI,945016
625715,tilS,944889
625716,potI,945485
625717,cysH,947230
625718,rfaS,948151
625719,ryfA,2847714
625720,rhsC,945306
625721,mcrC,948880
625722,agaS,947645
625723,serT,944826
625725,sokA,5061523
625726,spf,948354
625791,rffM,948301
625814,uidB,947484
625815,ycgM,946115
625821,ybeM_v2,
625849,yhaO,947628
625876,kbl,948138
625893,ydfN,946098
625894,yghD,947025
625895,ypjF,947131
625896,ydbApseudogene_v3,
625897,yjiT,945056
625898,yjbI_v2,948546
625899,tehB,945979
625900,fepB,947538
625901,flu,946540
625902,ycfK,945726
625903,betI,944981
625904,rfaQ,948155
625905,ydfR,946095
625906,hisB,946552
625907,lysS,947372
625908,rfaI,948143
625909,ykfG,944930
625910,ulaA,948717
625911,yadC,944837
625912,fdrA,946298
625913,nudL,946330
625914,rhaM,948402
625915,yegJ,947201
625916,waaU,948147
625917,argX,945107
625918,sokB,2847728
625919,modB,945361
625920,ydaS,945923
625921,nanK,947757
625922,yagL,945845
625923,lit,948421
625924,ssrS,947405
625925,yncI_v2,945121
625926,ytjB,946089
625927,yjbM,948550
625928,yeeV,946534
625929,cspB,946091
625930,ykiB,
625931,ypjK,2847710
625932,ygeNpseudogene,2847705
625995,rffM,948301
626018,uidB,947484
626019,ycgM,946115
626025,ybeM_v2,
626053,yhaO,947628
626080,kbl,948138
626097,ydfN,946098
626098,yghD,947025
626099,ypjF,947131
626100,ydbApseudogene_v3,
626101,yjiT,945056
626102,yjbI_v2,948546
626103,tehB,945979
626104,fepB,947538
626105,flu,946540
626106,ycfK,945726
626107,betI,944981
626108,rfaQ,948155
626109,ydfR,946095
626110,hisB,946552
626111,lysS,947372
626112,rfaI,948143
626113,ykfG,944930
626114,ulaA,948717
626115,yadC,944837
626116,fdrA,946298
626117,nudL,946330
626118,rhaM,948402
626119,yegJ,947201
626120,waaU,948147
626121,argX,945107
626122,sokB,2847728
626123,modB,945361
626124,ydaS,945923
626125,nanK,947757
626126,yagL,945845
626127,lit,948421
626128,ssrS,947405
626129,yncI_v2,945121
626130,ytjB,946089
626131,yjbM,948550
626132,yeeV,946534
626133,cspB,946091
626134,ykiB,
626135,ypjK,2847710
626136,ygeNpseudogene,2847705
626154,ydiV,946217
626155,yjjM,948881
626215,ydeTpseudogene,946042
626238,yccW,946691
626239,prfHpseudogene,947374
626264,murA,947703
626287,ydhY,948749
626296,ychS,945809
626301,paaE,945962
626302,rcnR,947114
626303,yeeU,946510
626304,fcl,946563
626305,nfrA,944741
626306,ypjA,948630
626307,yhdV,947767
626308,ascG,947305
626309,yneL_v2,946063
626310,yeeR,946512
626311,fliJ,946454
626312,aspU,947541
626313,sbmC,946546
626314,yfjM,947108
626315,fliP,946462
626316,ykfI,946726
626317,pgl,946398
626318,ydeK,947790
626319,yagK,945847
626320,yfcM,946807
626321,flgE,945636
626322,serV,947173
626323,eutQ,946935
626324,htrL,948137
626325,zntA,947972
626326,aslB,949013
626327,ygfT,949018
626328,ybeQ,945251
626329,rybA,2847681
626330,nmpCpseudogene,946786
626331,intZ,946923
626332,rfbD,947117
626333,ykfF,948839
626334,yehHpseudogene_v2,
626335,selC,948167
626336,fepC,945201
626337,ybfQ,1450245
626338,thrV,947770
626339,ykfH,1450236
626340,tfaDpseudogene,945171
626358,ydiV,946217
626359,yjjM,948881
626419,ydeTpseudogene,946042
626442,yccW,946691
626443,prfHpseudogene,947374
626468,murA,947703
626491,ydhY,948749
626500,ychS,945809
626505,paaE,945962
626506,rcnR,947114
626507,yeeU,946510
626508,fcl,946563
626509,nfrA,944741
626510,ypjA,948630
626511,yhdV,947767
626512,ascG,947305
626513,yneL_v2,946063
626514,yeeR,946512
626515,fliJ,946454
626516,aspU,947541
626517,sbmC,946546
626518,yfjM,947108
626519,fliP,946462
626520,ykfI,946726
626521,pgl,946398
626522,ydeK,947790
626523,yagK,945847
626524,yfcM,946807
626525,flgE,945636
626526,serV,947173
626527,eutQ,946935
626528,htrL,948137
626529,zntA,947972
626530,aslB,949013
626531,ygfT,949018
626532,ybeQ,945251
626533,rybA,2847681
626534,nmpCpseudogene,946786
626535,intZ,946923
626536,rfbD,947117
626537,ykfF,948839
626538,yehHpseudogene_v2,
626539,selC,948167
626540,fepC,945201
626541,ybfQ,1450245
626542,thrV,947770
626543,ykfH,1450236
626544,tfaDpseudogene,945171
626561,narG,945782
626568,ldhA,946315
626587,sugE,948671
626599,prpD,945931
626620,hyfD,947290
626624,yjfF,948754
626636,bioF,945384
626655,phnE_v2,
626691,yphG,947021
626709,yffP,946928
626710,ulaD,948714
626711,fliE,946446
626712,wcaJ,946583
626713,csrC,2847776
626714,yjhG,946829
626715,yfjO,947113
626716,ygeQ,947344
626717,paaG,946263
626718,ulaC,948715
626719,yggT,947421
626720,hsdR,948878
626721,gcvB,2847720
626722,yjhI,949100
626723,gspD,947822
626724,ylcG,1450240
626725,yeeY,946532
626726,serW,945714
626727,ydfJ,
626728,yecF,946420
626729,rfbB,945276
626730,rfc,945179
626731,yagG,944947
626732,argU,945161
626733,ompL,948366
626734,speC,947457
626735,ygaQ,
626736,pstA,948239
626737,wcaM,946561
626738,yafM,944913
626739,yfcP,946788
626740,ydaW,945927
626765,narG,945782
626772,ldhA,946315
626791,sugE,948671
626803,prpD,945931
626824,hyfD,947290
626828,yjfF,948754
626840,bioF,945384
626859,phnE_v2,
626895,yphG,947021
626913,yffP,946928
626914,ulaD,948714
626915,fliE,946446
626916,wcaJ,946583
626917,csrC,2847776
626918,yjhG,946829
626919,yfjO,947113
626920,ygeQ,947344
626921,paaG,946263
626922,ulaC,948715
626923,yggT,947421
626924,hsdR,948878
626925,gcvB,2847720
626926,yjhI,949100
626927,gspD,947822
626928,ylcG,1450240
626929,yeeY,946532
626930,serW,945714
626931,ydfJ,
626932,yecF,946420
626933,rfbB,945276
626934,rfc,945179
626935,yagG,944947
626936,argU,945161
626937,ompL,948366
626938,speC,947457
626939,ygaQ,
626940,pstA,948239
626941,wcaM,946561
626942,yafM,944913
626943,yfcP,946788
626944,ydaW,945927
626977,treB,948761
626993,yhjK,948048
626994,lnt,946201
627016,yhiM,947997
627038,yfiM,947060
627045,insD,947517
627048,nrfE,948579
627075,tolR,945328
627086,hlyE,945745
627117,yafW,944929
627118,ybbD,
627119,rhaD,948401
627120,ryeE,2847769
627121,ydgU,5061510
627122,cusC,946288
627123,ymgJ,5061516
627124,yhcEpseudogene_v2,
627125,ymfL,945717
627126,intS,946821
627127,ybgO,947550
627128,ryfB,5061517
627129,moeA,945454
627130,yghEpseudogene,945897
627131,yqeK,947329
627132,yedSpseudogene,
627133,wcaC,946579
627134,yadN,944841
627135,yehC,946621
627136,yfdP,945565
627137,hisR,948305
627138,thiP,944784
627139,yfcN,944847
627140,yebW,946354
627141,ybhJ,945380
627142,rrlA,948268
627143,srlB,948971
627144,fliY,948833
627145,sirA,947974
627146,feoC,947918
627147,tfaE,945723
627148,glyT,948481
627149,ydbC,945980
627150,rhaA,948400
627151,fliQ,946463
627153,ryeC,2847673
627154,ryhA,2847690
627181,treB,948761
627197,yhjK,948048
627198,lnt,946201
627220,yhiM,947997
627242,yfiM,947060
627249,insD,947517
627252,nrfE,948579
627279,tolR,945328
627290,hlyE,945745
627321,yafW,944929
627322,ybbD,
627323,rhaD,948401
627324,ryeE,2847769
627325,ydgU,5061510
627326,cusC,946288
627327,ymgJ,5061516
627328,yhcEpseudogene_v2,
627329,ymfL,945717
627330,intS,946821
627331,ybgO,947550
627332,ryfB,5061517
627333,moeA,945454
627334,yghEpseudogene,945897
627335,yqeK,947329
627336,yedSpseudogene,
627337,wcaC,946579
627338,yadN,944841
627339,yehC,946621
627340,yfdP,945565
627341,hisR,948305
627342,thiP,944784
627343,yfcN,944847
627344,yebW,946354
627345,ybhJ,945380
627346,rrlA,948268
627347,srlB,948971
627348,fliY,948833
627349,sirA,947974
627350,feoC,947918
627351,tfaE,945723
627352,glyT,948481
627353,ydbC,945980
627354,rhaA,948400
627355,fliQ,946463
627357,ryeC,2847673
627358,ryhA,2847690
627381,ompC,946716
627416,srlD,948937
627430,ymbA,946972
627443,ydiM,946196
627472,yjhRpseudogene,
627479,intB,948782
627485,djlA,948992
627492,purD,948504
627496,ispA,945064
627505,yqiB,947518
627525,thiI,945067
627526,yohN,949080
627527,agaApseudogene,947646
627528,yjeN,948678
627529,rcsA,946467
627530,yagF,944928
627531,yfcQ,946779
627532,mcrB,949122
627533,yffQ,946927
627534,ydiT,946214
627535,yffS,946932
627536,yadL,944829
627537,pphB,947196
627538,gltW,948271
627539,yibL,948115
627540,rusA,945174
627541,ryjC,5061533
627542,ybcDpseudogene,945299
627543,yaeI,945002
627544,yegZpseudogene,949050
627545,tfaSpseudogene,946825
627546,dsrB,946468
627547,ryhB,2847761
627548,ychGpseudogene_v2,
627549,paaI,945265
627550,sdiA,946421
627551,ybcCpseudogene,947902
627552,racR,945899
627553,omrB,2847747
627554,ydfV,948801
627555,hycG,947191
627556,rfaG,948149
627557,psrO,2847685
627558,tauC,945026
627559,rumB,947260
627560,rseX,5061507
627561,pblpseudogene,947338
627562,valV,946170
627563,ylcH,5061504
627564,ypdJ,946836
627585,ompC,946716
627620,srlD,948937
627634,ymbA,946972
627647,ydiM,946196
627676,yjhRpseudogene,
627683,intB,948782
627689,djlA,948992
627696,purD,948504
627700,ispA,945064
627709,yqiB,947518
627729,thiI,945067
627730,yohN,949080
627731,agaApseudogene,947646
627732,yjeN,948678
627733,rcsA,946467
627734,yagF,944928
627735,yfcQ,946779
627736,mcrB,949122
627737,yffQ,946927
627738,ydiT,946214
627739,yffS,946932
627740,yadL,944829
627741,pphB,947196
627742,gltW,948271
627743,yibL,948115
627744,rusA,945174
627745,ryjC,5061533
627746,ybcDpseudogene,945299
627747,yaeI,945002
627748,yegZpseudogene,949050
627749,tfaSpseudogene,946825
627750,dsrB,946468
627751,ryhB,2847761
627752,ychGpseudogene_v2,
627753,paaI,945265
627754,sdiA,946421
627755,ybcCpseudogene,947902
627756,racR,945899
627757,omrB,2847747
627758,ydfV,948801
627759,hycG,947191
627760,rfaG,948149
627761,psrO,2847685
627762,tauC,945026
627763,rumB,947260
627764,rseX,5061507
627765,pblpseudogene,947338
627766,valV,946170
627767,ylcH,5061504
627768,ypdJ,946836
627776,ykiApseudogene,945423
627780,yfaS,1450231
627790,ydiN,946198
627815,cysQ,948728
627817,amtB,945084
627819,rtcR,947928
627830,glpD,947934
627851,ygjR,947600
627853,amn,946508
627858,yedY,946484
627882,ygaYpseudogene,2847696
627887,ygiB,945086
627893,hrpA,948444
627906,ytfApseudogene,948718
627907,diaA,947661
627928,ycgIpseudogene,1450255
627933,rfbA,945154
627934,yfjY,947125
627935,yjiVpseudogene,2847669
627936,relB,948308
627937,yddH,946192
627938,yffR,946931
627939,ydiL,946181
627940,iap,947215
627941,yafY,944934
627942,fliC,949101
627943,mcrA,945727
627944,yghF,947469
627945,ybgD,945325
627946,yfcS,946418
627947,yehQ,946654
627948,ssrA,945053
627949,ung,947067
627950,ydbApseudogene_v2,
627951,cyaY,947754
627952,yagA,944937
627953,afuC,947676
627954,yjtD,948924
627955,yneM,5061497
627956,puuA,946202
627957,tag,947137
627958,yedD,949082
627959,ybcI,945155
627960,yfeN,946872
627961,ompT,945185
627962,lsrC,946105
627963,yqeI,947327
627964,ryjA,2847753
627965,yjaA,948515
627966,cysA,946889
627967,rybB,2847774
627968,ymfS,945724
627969,yrhCpseudogene,1450291
627970,yqiG,
627971,essQ,946093
627972,pheL,947080
627980,ykiApseudogene,945423
627984,yfaS,1450231
627994,ydiN,946198
628019,cysQ,948728
628021,amtB,945084
628023,rtcR,947928
628034,glpD,947934
628055,ygjR,947600
628057,amn,946508
628062,yedY,946484
628086,ygaYpseudogene,2847696
628091,ygiB,945086
628097,hrpA,948444
628110,ytfApseudogene,948718
628111,diaA,947661
628132,ycgIpseudogene,1450255
628137,rfbA,945154
628138,yfjY,947125
628139,yjiVpseudogene,2847669
628140,relB,948308
628141,yddH,946192
628142,yffR,946931
628143,ydiL,946181
628144,iap,947215
628145,yafY,944934
628146,fliC,949101
628147,mcrA,945727
628148,yghF,947469
628149,ybgD,945325
628150,yfcS,946418
628151,yehQ,946654
628152,ssrA,945053
628153,ung,947067
628154,ydbApseudogene_v2,
628155,cyaY,947754
628156,yagA,944937
628157,afuC,947676
628158,yjtD,948924
628159,yneM,5061497
628160,puuA,946202
628161,tag,947137
628162,yedD,949082
628163,ybcI,945155
628164,yfeN,946872
628165,ompT,945185
628166,lsrC,946105
628167,yqeI,947327
628168,ryjA,2847753
628169,yjaA,948515
628170,cysA,946889
628171,rybB,2847774
628172,ymfS,945724
628173,yrhCpseudogene,1450291
628174,yqiG,
628175,essQ,946093
628176,pheL,947080