Reporter	normalized log2 ratio
618389	-0.484
618390	0.148
618391	-0.038
618392	-0.105
618393	0.023
618394	0.076
618395	-0.13
618396	-0.02
618397	0.126
618398	0.418
618399	0.155
618400	-1.336
618401	-0.608
618402	0.318
618403	-1.929
618404	-0.046
618405	0.088
618406	0.097
618407	-0.047
618408	0.093
618409	0.272
618410	0.234
618411	-0.016
618412	0.258
618413	-0.264
618414	0.051
618415	-0.069
618416	-0.071
618417	0.155
618418	0.048
618419	-0.201
618420	-0.156
618421	-0.814
618422	0.238
618423	-0.005
618424	0.255
618425	-0.034
618426	0.271
618427	-0.453
618428	-0.375
618429	-0.175
618430	0.051
618431	-0.165
618432	0.047
618433	-0.045
618434	-0.045
618435	-0.165
618436	-0.046
618437	-0.029
618438	0.219
618439	-0.353
618440	0.201
618441	0.137
618442	-0.045
618443	-0.137
618444	-0.034
618445	-0.043
618446	0.196
618447	-0.097
618448	0.075
618449	0.078
618450	0.37
618451	-0.018
618452	0.205
618453	-0.146
618454	-0.113
618455	0.137
618456	-0.053
618457	-0.123
618458	-0.199
618459	-0.947
618460	0.141
618461	0.003
618462	-0.283
618463	-0.044
618464	0.204
618465	-0.524
618466	0.046
618467	0.3
618468	-0.223
618469	-0.207
618470	0.141
618471	0.063
618472	-0.499
618473	-0.009
618474	0.159
618475	-0.109
618476	0.14
618477	-0.316
618478	-0.408
618479	0.264
618480	-0.004
618481	-0.353
618482	0.012
618483	0.141
618484	0.083
618485	0.03
618486	-1.806
618487	-0.222
618488	-0.401
618489	0.065
618490	0.252
618491	-0.797
618492	0.072
618493	-0.299
618494	0.69
618495	-0.061
618496	0.178
618497	-0.233
618498	-0.441
618499	0.054
618500	0.05
618501	0.082
618502	-0.047
618503	0.296
618504	-0.101
618505	0.162
618506	0.123
618507	-0.158
618508	0.224
618509	-0.11
618510	-0.024
618511	0.295
618512	-2.409
618513	-0.01
618514	0.047
618515	-0.167
618516	-0.014
618517	-0.226
618518	0.48
618519	0.182
618520	0.025
618521	0.257
618522	-0.016
618523	0.064
618524	-0.019
618525	-0.27
618526	-0.191
618527	0.086
618528	0.127
618529	0.018
618530	-0.042
618531	-0.078
618532	-0.148
618533	-0.212
618534	0.695
618535	-0.04
618536	-0.059
618549	-0.787
618550	-0.1
618551	1.423
618552	-0.27
618553	0.459
618554	0.233
618555	0.775
618556	0.262
618557	-0.141
618558	1.086
618559	0.152
618560	0.237
618561	0.187
618562	0.261
618563	-0.018
618564	0.087
618565	-0.007
618566	-0.058
618567	0.31
618568	-1.029
618569	0.461
618570	-0.069
618571	-0.062
618572	-0.009
618573	0.291
618574	0.209
618575	0.118
618576	0.021
618577	0.119
618578	0.38
618579	0.027
618580	0.071
618797	-0.488
618798	0.123
618799	0.142
618800	-0.025
618801	-0.244
618802	-0.153
618803	-0.045
618804	-0.26
618805	-0.063
618806	-0.089
618807	0.098
618808	-0.503
618809	-0.449
618810	-0.066
618811	-0.073
618812	-0.25
618813	0.247
618814	0.184
618815	-0.138
618816	-0.105
618817	-0.547
618818	0.046
618819	-0.327
618820	-0.53
618821	0.554
618822	0.459
618823	0.345
618824	-0.398
618825	-0.284
618826	0.138
618827	-0.071
618828	-0.439
618829	0.136
618830	0.096
618831	-0.433
618832	0.185
618833	0.244
618834	-0.451
618835	0.275
618836	-1.027
618837	0.085
618838	-0.02
618839	0.124
618840	0.677
618841	-0.299
618842	-0.094
618843	0.104
618844	0.014
618845	-0.046
618846	0.186
618847	0.191
618848	-0.241
618849	-1.078
618850	-0.08
618851	-0.538
618852	-0.144
618853	-0.122
618854	0.013
618855	0.022
618856	-0.022
618857	0.18
618858	-0.994
618859	-0.023
618860	0.14
618861	-0.307
618862	0.188
618863	-0.554
618864	-0.211
618865	-0.341
618866	-1.257
618867	-1.539
618868	-0.496
618869	0.226
618870	-0.177
618871	-0.009
618872	-0.03
618873	-0.052
618874	-1.952
618875	0.202
618876	0.294
618877	0.39
618878	0.269
618879	-0.24
618880	0.275
618881	-0.858
618882	0.277
618883	-0.319
618884	0.008
618885	-0.402
618886	-0.031
618887	0.321
618888	0.308
618889	-0.242
618890	-0.408
618891	-0.421
618892	-0.355
618893	0.083
618894	-0.251
618895	-0.02
618896	-0.088
618897	0.006
618898	0.049
618899	0.145
618900	0.122
618901	0.026
618902	-0.272
618903	0.263
618904	-0.01
618905	0.009
618906	-0.014
618907	-0.299
618908	-0.219
618909	-0.026
618910	-0.046
618911	-0.108
618912	-0.433
618913	0.312
618914	0.015
618915	0.097
618916	-0.075
618917	-0.148
618918	0.149
618919	0.336
618920	0.076
618921	-0.053
618922	0.3
618923	-0.232
618924	0.136
618925	-0.226
618926	-0.152
618927	0.092
618928	-0.185
618929	0.118
618930	-0.235
618931	-0.184
618932	0.771
618933	0.067
618934	-0.069
618935	-0.926
618936	0.01
618937	-0.185
618938	0.633
618939	-0.211
618940	0.072
618941	0.211
618942	-0.064
618943	-0.26
618944	-0.287
618949	-0.192
618950	-0.182
618951	-0.57
618953	-0.032
618957	0.156
618958	0.101
618959	0.056
618960	-0.12
618961	0.283
618962	0.49
618963	0.193
618964	0.007
618965	0.419
618966	0.205
618967	0.167
618968	0.168
618969	0.061
618970	0.62
618971	0.173
618972	0.313
618973	-0.031
618974	-0.088
618975	0.255
618976	0.201
618977	0.244
618978	-0.116
618979	0.079
618980	0.3
618981	0.162
618982	-0.074
618983	0.522
618984	0.482
618985	0.03
618986	0.652
618987	0.054
618988	0.208
618989	0.282
618990	0.017
618991	0.748
618993	0.082
618994	0.148
619205	-0.106
619206	0.155
619207	0.213
619208	0.185
619209	0.246
619210	-0.017
619211	0.098
619212	0.659
619213	-0.38
619214	-0.167
619215	-0.301
619216	1.416
619217	0.118
619218	-0.076
619219	-0.126
619220	0.079
619221	0.161
619222	-0.276
619223	0.11
619224	-0.142
619225	0.342
619226	0.415
619227	-0.459
619228	0.096
619229	-0.299
619230	-1.367
619231	-0.139
619232	0.109
619233	0.114
619234	0.06
619235	-0.055
619236	0.173
619237	-0.223
619238	-0.472
619239	-0.338
619240	-0.093
619241	0.085
619242	-0.582
619243	-0.064
619244	0.324
619245	0.067
619246	0.085
619247	-1.942
619248	-0.645
619249	1.361
619250	-0.712
619251	0.103
619252	0.029
619253	0.114
619254	-0.259
619255	-0.015
619256	0.23
619257	1.375
619258	-0.445
619259	-0.021
619260	0.131
619261	0.114
619262	-0.006
619263	-0.1
619264	-0.576
619265	0.067
619266	0.581
619267	-0.17
619268	-0.146
619269	-0.779
619270	0.29
619271	0.264
619272	0.141
619273	-0.605
619274	-0.569
619275	0.009
619276	-0.622
619277	0.108
619278	0.008
619279	0.104
619280	-0.144
619281	-0.053
619282	0.032
619283	0.149
619284	0.09
619285	-0.21
619286	-0.115
619287	0.292
619288	0.299
619289	0.008
619290	-0.172
619291	0.25
619292	-0.022
619293	-0.137
619294	-0.29
619295	0.054
619296	-0.167
619297	0.122
619298	-0.241
619299	0.523
619300	0.267
619301	0.245
619302	0.179
619303	0.073
619304	0.09
619305	-0.022
619306	0.066
619307	-0.025
619308	0.102
619309	-0.214
619310	0.072
619311	0.345
619312	0.056
619313	-0.366
619314	0.287
619315	-0.184
619316	-0.34
619317	0.258
619318	-0.124
619319	0.906
619320	-0.05
619321	-0.177
619322	-0.005
619323	-0.288
619324	0.452
619325	0.152
619326	-0.155
619327	-0.192
619328	0.197
619329	-0.104
619330	0.08
619331	0.509
619332	-0.066
619333	-0.909
619334	0.081
619335	0.037
619336	0.037
619337	-0.782
619338	0.021
619339	-1.144
619340	0.22
619341	0.347
619342	1.165
619343	0.229
619344	0.155
619345	0.077
619346	-0.463
619347	0.052
619348	-0.89
619349	-0.286
619350	-0.033
619351	-0.185
619352	-0.064
619353	-0.248
619354	0.142
619355	0.275
619357	0.082
619358	0.484
619359	0.318
619360	0.234
619361	-0.074
619362	-0.02
619363	-0.084
619364	-0.079
619365	0.133
619366	-0.764
619367	-0.333
619368	0.177
619369	0.205
619370	-0.084
619371	-0.74
619372	0.426
619373	0.231
619374	-0.224
619375	-0.017
619376	-0.113
619377	0
619378	0.326
619379	-0.041
619380	0.029
619381	-0.175
619382	0.209
619383	0.049
619384	0.34
619385	0.022
619386	1.309
619387	-0.044
619388	-0.837
619389	0.011
619390	-0.037
619391	0.431
619392	-0.014
619393	1.532
619394	0.626
619395	-0.164
619396	0.439
619397	0.288
619398	0.463
619399	0.638
619400	0.089
619401	0.224
619402	0.102
619403	-0.215
619404	0.1
619613	0.178
619614	0.12
619615	0.289
619616	-0.112
619617	0.54
619618	0.258
619619	-0.358
619620	-0.007
619621	-0.011
619622	0.15
619623	0.287
619624	-0.149
619625	-0.061
619626	-0.043
619627	-0.046
619628	0.005
619629	-0.031
619630	0.064
619631	-0.504
619632	0.003
619633	-0.038
619634	0.018
619635	-2.495
619636	0.06
619637	0.207
619638	-0.008
619639	0.24
619640	-0.194
619641	-0.232
619642	-1.175
619643	-0.258
619644	0.291
619645	0.014
619646	0.019
619647	0.143
619648	-0.005
619649	-0.134
619650	0.113
619651	-0.113
619652	-0.025
619653	0.364
619654	-0.739
619655	-0.456
619656	-0.405
619657	1.148
619658	-0.184
619659	0.628
619660	1.013
619661	0.045
619662	0.179
619663	0.19
619664	-1.375
619665	0.179
619666	0.222
619667	-0.04
619668	-0.393
619669	0.31
619670	0.137
619671	-0.29
619672	0.136
619673	0.067
619674	-0.428
619675	-0.055
619676	0.173
619677	-0.006
619678	0.133
619679	-0.11
619680	0.025
619681	0.275
619682	0.087
619683	0.167
619684	0.361
619685	-0.247
619686	-0.016
619687	-0.068
619688	0.055
619689	0.059
619690	0.659
619691	-0.105
619692	-0.025
619693	0.255
619694	0.295
619695	-0.185
619696	-0.132
619697	-0.311
619698	-0.407
619699	0.221
619700	0.209
619701	-0.835
619702	0.021
619703	-0.322
619704	0.031
619705	0.122
619706	-0.502
619707	-0.471
619708	-0.573
619709	0.059
619710	-0.256
619711	0.086
619712	-0.179
619713	0.048
619714	-0.057
619715	-1.344
619716	-0.571
619717	0.11
619718	0.15
619719	0.212
619720	-0.208
619721	0.127
619722	0.021
619723	-0.226
619724	0.24
619725	-0.512
619726	0.019
619727	0.376
619728	-1.122
619729	0.091
619730	0.296
619731	-0.417
619732	-0.06
619733	0.22
619734	0.134
619735	0.31
619736	0.097
619737	0.117
619738	-0.6
619739	0.21
619740	-0.232
619741	-0.013
619742	0.138
619743	-0.012
619744	-0.003
619745	-0.192
619746	0.065
619747	0.24
619748	-0.497
619749	0.069
619750	0.066
619751	1.227
619752	-0.254
619753	0.114
619754	-0.141
619755	-0.181
619756	0.009
619757	0.594
619758	0.34
619759	0.006
619760	-0.124
619761	-0.089
619762	0.072
619763	-0.181
619764	0.064
619765	0.153
619766	-2.297
619767	-0.058
619768	0.075
619769	-0.212
619770	-0.113
619771	-0.232
619772	-0.327
619773	0.028
619774	1.353
619775	-0.196
619776	0.213
619777	0.301
619778	0.166
619779	1.305
619780	0.153
619781	0.091
619782	-0.846
619783	-1.029
619784	-0.324
619785	-0.226
619786	-0.102
619787	0.196
619788	0.303
619789	-0.165
619790	0.79
619791	-0.229
619792	0.152
619793	0.601
619794	0.67
619795	0.258
619796	0.716
619797	1.198
619798	-0.685
619799	-0.509
619800	0.414
619801	0.439
619802	-0.019
619803	0.134
619804	-0.174
619805	0.757
619806	-0.085
619807	0.148
619808	0.784
619809	0.461
619810	0.107
619811	1.371
619812	0.238
620021	-0.119
620022	0.385
620023	-0.053
620024	-0.524
620025	0.15
620026	-1.269
620027	0.214
620028	0.257
620029	0.179
620030	-0.094
620031	-0.516
620032	0.126
620033	0.224
620034	0.25
620035	0.073
620036	-0.051
620037	-0.029
620038	0.113
620039	0.047
620040	0.163
620041	-0.578
620042	0.137
620043	-0.407
620044	0.274
620045	-3.383
620046	0.032
620047	-0.014
620048	0.716
620049	-0.036
620050	0.163
620051	-0.142
620052	-0.094
620053	-0.045
620054	0.264
620055	1.352
620056	-0.199
620057	0.026
620058	0.308
620059	0.415
620060	0.084
620061	-0.145
620062	0.239
620063	0.144
620064	-0.058
620065	0.166
620066	0.142
620067	0.034
620068	-0.419
620069	0.3
620070	-0.349
620071	0.161
620072	-3.667
620073	0.218
620074	-0.118
620075	0.118
620076	-0.339
620077	-0.08
620078	-0.117
620079	0.193
620080	0.143
620081	0.161
620082	-0.249
620083	0.122
620084	-0.048
620085	0.038
620086	0.022
620087	-0.462
620088	-0.245
620089	0.162
620090	1.034
620091	-0.387
620092	0.034
620093	-0.111
620094	-0.405
620095	-0.06
620096	-0.211
620097	0.08
620098	-0.286
620099	-0.157
620100	0.062
620101	0.044
620102	-0.787
620103	0.007
620104	0.121
620105	-0.034
620106	-0.459
620107	0.184
620108	-0.079
620109	0.032
620110	-0.005
620111	-0.701
620112	-0.06
620113	0.098
620114	-1.091
620115	-0.243
620116	0.101
620117	-0.059
620118	0.088
620119	0.378
620120	-0.347
620121	0.252
620122	0.206
620123	-0.015
620124	0.009
620125	0.105
620126	-0.067
620127	0.164
620128	0.097
620129	0.184
620130	-0.015
620131	0.111
620132	0.215
620133	-0.392
620134	-4.113
620135	0.1
620136	-1.465
620137	-0.051
620138	0.762
620139	0.062
620140	0.025
620141	-0.157
620142	0.295
620143	0.015
620144	0.108
620145	0.327
620146	0.469
620147	0.048
620148	-0.168
620149	0.152
620150	0.22
620151	-0.057
620152	0.033
620153	0.064
620154	0.124
620155	0.012
620156	0.092
620157	0.014
620158	0.072
620159	-0.137
620160	-0.345
620161	0.219
620162	-0.132
620163	-0.395
620164	0.146
620165	0.086
620166	0.123
620167	0.099
620168	1.243
620181	0.208
620182	0.303
620183	-0.241
620184	1.375
620185	0.353
620186	0.051
620187	-0.385
620188	-0.311
620189	0.094
620190	0.078
620191	0.162
620192	-0.362
620193	1.159
620194	0.066
620195	-0.002
620196	0.188
620197	0.063
620198	1.624
620199	0.217
620200	0.35
620201	0.108
620202	0.319
620203	0.52
620204	0.22
620205	0.397
620206	0.388
620207	0.162
620208	0.21
620209	0.063
620210	0.106
620211	-0.003
620212	0.877
620429	0.029
620430	0.196
620431	-0.374
620432	0.803
620433	-0.071
620434	-0.246
620435	-0.332
620436	0.06
620437	-0.038
620438	0.118
620439	0.289
620440	-0.361
620441	0.032
620442	-0.123
620443	-0.289
620444	-0.167
620445	-1.961
620446	0.114
620447	0.011
620448	-0.093
620449	-0.244
620450	0.342
620451	0.034
620452	-0.055
620453	0.281
620454	-0.061
620455	0.179
620456	0.158
620457	-0.174
620458	0.028
620459	-0.768
620460	0.325
620461	0.102
620462	0.256
620463	-0.28
620464	-0.053
620465	-0.056
620466	0.136
620467	-0.088
620468	0.108
620469	0.008
620470	-0.058
620471	-0.266
620472	0.087
620473	0.001
620474	-0.029
620475	-0.172
620476	-1.838
620477	0.449
620478	-0.415
620479	-0.042
620480	0.008
620481	-0.204
620482	-0.072
620483	0.476
620484	-0.934
620485	-0.005
620486	-0.335
620487	-0.065
620488	-0.2
620489	0.19
620490	-0.305
620491	0.118
620492	-0.027
620493	-0.346
620494	-0.73
620495	0.263
620496	-0.036
620497	0.14
620498	-0.066
620499	0.246
620500	-0.521
620501	0.101
620502	0.027
620503	-0.137
620504	0.088
620505	-0.055
620506	-0.46
620507	0.375
620508	-0.677
620509	-1.856
620510	0.027
620511	0.055
620512	-0.298
620513	-0.335
620514	0.146
620515	0.177
620516	0.231
620517	-2.629
620518	-3.61
620519	0.794
620520	0.016
620521	0.231
620522	0.325
620523	-0.671
620524	-0.021
620525	-0.311
620526	0.198
620527	0.034
620528	-0.665
620529	-0.285
620530	-0.203
620531	0.443
620532	-0.167
620533	0.076
620534	-0.051
620535	0.292
620536	-0.134
620537	0.124
620538	-0.113
620539	0.358
620540	-0.05
620541	-0.098
620542	-0.132
620543	-1.82
620544	-0.21
620545	0.183
620546	-0.417
620547	-0.764
620548	-1.491
620549	-0.128
620550	-0.413
620551	0.022
620552	0.496
620553	0.143
620554	-0.178
620555	-0.345
620556	-0.037
620557	-0.084
620558	0.101
620559	0.025
620560	0.169
620561	-0.231
620562	0.125
620563	0.259
620564	0.049
620565	-0.309
620566	-0.177
620567	0.163
620568	-0.343
620569	0.148
620570	-0.153
620571	-0.034
620572	0.204
620573	-0.399
620574	-0.029
620575	-0.331
620576	0.038
620581	-0.211
620582	-3.146
620583	-0.128
620589	0.165
620590	0.205
620591	0.626
620592	-0.18
620593	0.491
620594	0.047
620595	0.48
620596	0.152
620597	0.415
620598	0.354
620599	-0.053
620600	0.96
620601	0.115
620602	-0.295
620603	0.262
620604	0.656
620605	0.645
620606	0.054
620607	0.088
620608	0.142
620609	-0.267
620610	0.315
620611	0.07
620612	0.102
620613	-5.175
620614	-0.128
620615	0.082
620616	0.076
620617	0.036
620618	0.071
620619	0.08
620620	-0.069
620621	0.08
620622	0.158
620623	0.008
620625	0.182
620626	0.635
620837	-0.66
620838	0.181
620839	-0.054
620840	-0.148
620841	0.007
620842	0.024
620843	-0.245
620844	0.345
620845	-0.249
620846	0.045
620847	-0.023
620848	-0.162
620849	-1.386
620850	-0.168
620851	0.802
620852	0.137
620853	-0.145
620854	0.17
620855	0.336
620856	0.223
620857	0.227
620858	-0.02
620859	0.089
620860	-0.037
620861	0.426
620862	-0.081
620863	-0.102
620864	0.136
620865	-3.202
620866	0.447
620867	-0.272
620868	-0.384
620869	-2.592
620870	-0.448
620871	0.091
620872	-0.084
620873	0.118
620874	-4.658
620875	-0.042
620876	-0.407
620877	-0.274
620878	0.085
620879	-0.04
620880	-0.191
620881	0.071
620882	0.502
620883	0.259
620884	0.23
620885	0.155
620886	0.138
620887	0.051
620888	0.092
620889	0.133
620890	0.229
620891	0.163
620892	0.24
620893	0.248
620894	0.085
620895	0.294
620896	0.074
620897	0.152
620898	0.127
620899	0.022
620900	0.1
620901	-0.19
620902	-0.036
620903	0.177
620904	0.114
620905	-2.284
620906	-0.145
620907	0.194
620908	0.008
620909	0.18
620910	-0.209
620911	0.243
620912	-0.035
620913	-0.377
620914	0.015
620915	1.348
620916	-0.106
620917	0.13
620918	0.153
620919	-0.292
620920	0.164
620921	-0.483
620922	0.156
620923	0.316
620924	0.055
620925	-0.093
620926	0.059
620927	-0.197
620928	-0.433
620929	-0.78
620930	0.198
620931	-0.394
620932	0.324
620933	-0.486
620934	0.139
620935	0.078
620936	-0.228
620937	0.302
620938	-0.3
620939	-0.002
620940	-0.376
620941	0.42
620942	-0.055
620943	0.035
620944	-0.22
620945	0.05
620946	-0.493
620947	-0.6
620948	-0.035
620949	0.04
620950	-0.062
620951	0.176
620952	0.127
620953	0.085
620954	0.01
620955	0.087
620956	-0.995
620957	0.1
620958	-0.648
620959	0.076
620960	0.205
620961	0.04
620962	0.014
620963	0.019
620964	1.325
620965	-0.007
620966	0.032
620967	-1.082
620968	0.311
620969	0.129
620970	0.253
620971	0.295
620972	-0.018
620973	-2.059
620974	0.168
620975	0.313
620976	0.142
620977	-1.54
620978	0.17
620979	0.084
620980	-0.167
620981	0.007
620982	0.117
620983	-0.047
620984	0.079
620985	0.111
620986	0.242
620987	0.073
620989	0.14
620990	0.22
620991	-0.174
620992	0.299
620993	0.02
620994	-0.006
620995	0.025
620996	-0.11
620997	-0.025
620998	0.265
620999	0.184
621000	0.48
621001	0.868
621002	0.731
621003	0.021
621004	-0.044
621005	0.817
621006	-0.197
621007	0.277
621008	-0.186
621009	-0.148
621010	0.212
621011	0.289
621012	1.152
621013	0.521
621014	0.032
621015	1.348
621016	0.06
621017	1.534
621018	0.142
621019	0.007
621020	0.202
621021	1.383
621022	0.124
621023	0.213
621024	0.057
621025	-0.013
621026	0.039
621027	0.553
621028	0.311
621029	0.127
621030	-0.278
621031	0.144
621032	0.072
621033	-0.147
621034	0.24
621035	0.747
621036	0.374
621245	-0.875
621246	-0.335
621247	-1.491
621248	-0.128
621249	0.198
621250	-0.007
621251	-0.386
621252	-0.182
621253	0.065
621254	0.199
621255	-0.115
621256	-0.074
621257	0.357
621258	-0.008
621259	0.377
621260	-0.218
621261	0.169
621262	-0.213
621263	0.015
621264	0.018
621265	0.266
621266	-0.43
621267	-0.404
621268	-0.185
621269	-0.061
621270	-0.065
621271	0.071
621272	0.125
621273	-0.135
621274	0.053
621275	0.21
621276	0.203
621277	-0.516
621278	0.055
621279	-0.066
621280	0.424
621281	0.16
621282	0.047
621283	-0.06
621284	0.201
621285	0.054
621286	-0.322
621287	-0.843
621288	-0.427
621289	0.042
621290	0.153
621291	0.173
621292	0.41
621293	-0.411
621294	-0.139
621295	-0.012
621296	-1.56
621297	0.143
621298	0.207
621299	0.046
621300	-0.042
621301	0.142
621302	-0.181
621303	-0.117
621304	0.135
621305	-0.1
621306	-0.031
621307	0.13
621308	-0.086
621309	0.104
621310	0.204
621311	-0.106
621312	-0.165
621313	-0.442
621314	-0.36
621315	0.28
621316	0.17
621317	-0.176
621318	-0.133
621319	-0.044
621320	0.326
621321	0.157
621322	-1.708
621323	-0.259
621324	-1.38
621325	0.14
621326	-0.115
621327	0.252
621328	0.375
621329	0.015
621330	0.177
621331	-0.08
621332	0.201
621333	-0.104
621334	-0.125
621335	0.197
621336	-0.026
621337	0.23
621338	-0.204
621339	-0.364
621340	-0.282
621341	0.361
621342	-0.844
621343	-0.071
621344	0.032
621345	-0.579
621346	0.023
621347	0.154
621348	-1.052
621349	-0.972
621350	0.2
621351	0.29
621352	0.024
621353	0.461
621354	-0.132
621355	0.008
621356	-0.209
621357	0.069
621358	0.136
621359	0.139
621360	0.361
621361	-0.019
621362	0.18
621363	-3.62
621364	0.25
621365	0.093
621366	-0.466
621367	0.139
621368	0.094
621369	0.045
621370	0.196
621371	-0.112
621372	-0.124
621373	0.017
621374	0.667
621375	-0.148
621376	-0.125
621377	-0.213
621378	0.118
621379	0.122
621380	0.052
621381	-0.305
621382	-0.31
621383	-0.375
621384	0.046
621385	0.233
621386	0.246
621387	0.734
621388	-0.058
621389	0.137
621390	-0.19
621391	0.058
621392	-0.065
621393	0.445
621394	-0.292
621395	0.397
621396	-0.407
621397	0.111
621398	-0.042
621399	-0.069
621400	-0.188
621401	-0.076
621402	-0.005
621403	-0.052
621404	-0.1
621405	0.175
621406	0.149
621407	0.03
621408	0.137
621409	0.107
621410	-0.096
621411	0.055
621412	-0.017
621413	0.372
621414	0.037
621415	0.374
621416	0.019
621417	0.064
621418	0.61
621419	-0.042
621420	0.705
621421	0.361
621422	-0.124
621423	0.158
621424	-0.209
621425	0.406
621426	0.02
621427	0.152
621428	0.015
621429	0.225
621430	0.073
621431	0.681
621432	-0.034
621433	0.086
621434	1.015
621435	0.362
621436	0.008
621437	0.156
621438	0.122
621439	0.381
621440	0.311
621441	-0.021
621442	-0.031
621443	0.883
621444	0.308
621653	0.023
621654	0.11
621655	0.413
621656	-0.103
621657	0.221
621658	0.087
621659	0.167
621660	-0.224
621661	0.169
621662	-0.402
621663	-0.124
621664	-0.051
621665	-0.191
621666	0.123
621667	0.025
621668	0.214
621669	0.096
621670	1.241
621671	0.054
621672	0.203
621673	0.255
621674	0.201
621675	-0.054
621676	0.114
621677	-0.042
621678	0.057
621679	-0.637
621680	-0.006
621681	-0.025
621682	0.083
621683	0.239
621684	0.031
621685	-3.837
621686	-0.137
621687	0.12
621688	0.089
621689	-0.026
621690	-0.176
621691	-0.052
621692	0.042
621693	0.146
621694	-0.114
621695	0.109
621696	-0.071
621697	0.641
621698	-0.034
621699	0.015
621700	-0.1
621701	0.136
621702	0.512
621703	-0.008
621704	-0.125
621705	0.002
621706	0.098
621707	0.1
621708	0.022
621709	-0.103
621710	0.201
621711	0.14
621712	0.173
621713	0.236
621714	0.203
621715	0.169
621716	0.031
621717	0.198
621718	-0.009
621719	0.253
621720	0.06
621721	-0.05
621722	0.06
621723	-0.381
621724	-0.424
621725	-0.33
621726	0.799
621727	-0.546
621728	-0.05
621729	-0.751
621730	-0.272
621731	-0.199
621732	0.438
621733	0.377
621734	0.117
621735	0.046
621736	-0.347
621737	-0.05
621738	0.397
621739	-0.176
621740	0.006
621741	1.334
621742	-0.004
621743	0.2
621744	-0.614
621745	0.111
621746	0.189
621747	-0.096
621748	-0.574
621749	0.142
621750	-0.288
621751	0.186
621752	-0.461
621753	-0.11
621754	-0.179
621755	-0.34
621756	-0.327
621757	0.148
621758	0.427
621759	0.152
621760	0.264
621761	0.077
621762	0.293
621763	0.179
621764	0.138
621765	0.172
621766	-0.126
621767	-0.085
621768	-0.152
621769	0.008
621770	-0.442
621771	0.338
621772	0.117
621773	0.065
621774	0.141
621775	0.494
621776	0.08
621777	0.03
621778	-0.209
621779	0.069
621780	0.46
621781	-0.591
621782	-1.317
621783	0.059
621784	-0.083
621785	0.109
621786	0.165
621787	0.112
621788	-0.609
621789	-0.08
621790	0.198
621791	-0.494
621792	0.18
621793	0.084
621794	-0.236
621795	-0.468
621796	-0.111
621797	-0.488
621798	0.374
621799	-0.119
621800	0.069
621813	0.371
621814	1.527
621815	0.067
621816	0.926
621817	-2.168
621818	0.164
621819	-0.012
621820	-0.114
621821	0.032
621822	0.048
621823	0.149
621824	1.114
621825	0.452
621826	0.2
621827	0.333
621828	0.39
621829	0.024
621830	0.053
621831	0.355
621832	1.045
621833	0.075
621834	-0.146
621835	0.202
621836	0.035
621837	-0.789
621838	-1.117
621839	-0.062
621840	1.379
621841	0.045
621842	-0.227
621843	0.278
621844	0.203
622061	0.076
622062	0.362
622063	-0.278
622064	-0.356
622065	-2.603
622066	-0.648
622067	0.155
622068	-0.482
622069	0.204
622070	0.171
622071	0.021
622072	-5.731
622073	1.489
622074	0.085
622075	0.527
622076	0.2
622077	0.032
622078	0.213
622079	-0.287
622080	-0.171
622081	0.211
622082	-0.204
622083	0.19
622084	-0.25
622085	-0.286
622086	-0.173
622087	0.015
622088	-0.148
622089	0.212
622090	-0.038
622091	1.081
622092	-0.059
622093	-0.285
622094	0.213
622095	1.029
622096	-0.197
622097	0.12
622098	-0.06
622099	-0.07
622100	0.183
622101	-0.095
622102	-0.429
622103	-0.047
622104	-0.804
622105	0.13
622106	0.307
622107	0.08
622108	-2.213
622109	0.058
622110	-1.995
622111	-0.259
622112	0.27
622113	0.144
622114	0.115
622115	0.283
622116	0.004
622117	-0.133
622118	-0.388
622119	0.13
622120	-0.079
622121	0.064
622122	0.082
622123	-0.043
622124	-0.034
622125	-0.034
622126	0.087
622127	0.124
622128	-0.448
622129	0.195
622130	0.129
622131	-0.071
622132	0.258
622133	-0.321
622134	-0.554
622135	-0.034
622136	0.82
622137	0.105
622138	-0.176
622139	-0.779
622140	0.204
622141	-0.014
622142	-0.016
622143	-1.254
622144	-1.24
622145	-0.1
622146	0.064
622147	-0.762
622148	-2.508
622149	0.293
622150	-0.114
622151	0.228
622152	-0.113
622153	-0.483
622154	-0.008
622155	0.051
622156	0.536
622157	0.061
622158	-0.23
622159	0.196
622160	-0.294
622161	0.223
622162	-0.021
622163	-0.083
622164	0.365
622165	-0.362
622166	-0.063
622167	-0.33
622168	-0.636
622169	-0.352
622170	0.681
622171	-0.183
622172	0.344
622173	0.623
622174	0.259
622175	0.078
622176	0.187
622177	-0.054
622178	-1.232
622179	-0.159
622180	0.17
622181	-1.073
622182	0.229
622183	0.002
622184	0.048
622185	0.359
622186	0.161
622187	0.127
622188	-0.183
622189	-0.077
622190	-0.064
622191	0.134
622192	0.194
622193	0.084
622194	-0.165
622195	-0.049
622196	0.102
622197	0.255
622198	0.166
622199	0.002
622200	0.188
622201	-0.588
622202	1.034
622203	0.308
622204	-0.36
622205	0.225
622206	0.01
622207	1.24
622208	0.058
622213	-0.107
622214	-0.406
622215	-0.33
622221	0.33
622222	0.267
622223	0.259
622224	1.002
622225	0.612
622226	0.139
622227	0.113
622228	0.011
622229	0.383
622230	-1.098
622231	-0.266
622232	0.333
622233	0.147
622234	0.007
622235	0.101
622236	0.152
622237	0.361
622238	0.17
622239	-0.365
622240	0.294
622241	0.031
622242	0.227
622243	0.394
622244	0.166
622245	0.073
622246	1.175
622247	0.029
622248	0.043
622249	-0.059
622250	0.174
622251	0.488
622252	0.066
622253	0.029
622254	0.213
622255	0.045
622257	0.085
622258	0.044
622469	0.043
622470	0.111
622471	0.016
622472	0.671
622473	0.197
622474	0.01
622475	0.225
622476	-0.026
622477	-0.338
622478	0.136
622479	-0.358
622480	-0.421
622481	0.288
622482	0.007
622483	-0.286
622484	-0.091
622485	-0.091
622486	-0.642
622487	-0.837
622488	-0.016
622489	0.056
622490	-0.295
622491	-0.05
622492	-0.485
622493	-0.07
622494	0.042
622495	0.23
622496	-0.058
622497	0.029
622498	-0.262
622499	0.016
622500	0.197
622501	-4.005
622502	0.084
622503	0.333
622504	-0.034
622505	0.221
622506	-0.419
622507	-0.257
622508	-0.145
622509	-0.426
622510	-0.301
622511	-0.008
622512	-0.093
622513	-0.034
622514	-0.04
622515	0.201
622516	0.295
622517	-0.01
622518	0.157
622519	0.107
622520	0.307
622521	0.009
622522	-0.093
622523	-0.136
622524	-0.052
622525	-0.045
622526	-0.261
622527	0.123
622528	0.132
622529	1.157
622530	0.095
622531	-0.447
622532	-0.022
622533	0.246
622534	0.005
622535	-0.223
622536	0.064
622537	0.034
622538	-0.031
622539	0.111
622540	0.293
622541	0.08
622542	-0.702
622543	-0.14
622544	-0.142
622545	-0.244
622546	-0.047
622547	-0.85
622548	-0.141
622549	0.309
622550	0.183
622551	0.235
622552	0.154
622553	-0.139
622554	0.153
622555	-0.358
622556	-0.158
622557	0.084
622558	-0.269
622559	-0.015
622560	-0.053
622561	-0.046
622562	-0.104
622563	-0.226
622564	-1.15
622565	0.406
622566	-0.105
622567	-0.027
622568	-0.028
622569	-0.977
622570	-0.466
622571	0.226
622572	0.199
622573	0.192
622574	-0.274
622575	-0.024
622576	-0.431
622577	-0.159
622578	0.266
622579	0
622580	0.097
622581	-0.295
622582	0.241
622583	-0.135
622584	0.021
622585	-0.106
622586	-0.08
622587	-0.59
622588	0.761
622589	0.15
622590	0.084
622591	0
622592	-0.064
622593	-0.228
622594	0.275
622595	0.227
622596	-0.142
622597	0.033
622598	-0.206
622599	-0.06
622600	0.074
622601	0.111
622602	-0.543
622603	-0.065
622604	-0.437
622605	0.044
622606	-0.068
622607	-0.018
622608	-0.037
622609	-1.072
622610	-1.12
622611	-0.132
622612	-0.325
622613	0.061
622614	0.044
622615	-0.255
622616	0.21
622617	-0.889
622618	-0.372
622619	-0.106
622621	0.205
622622	-0.29
622623	-0.12
622624	-0.038
622625	-0.004
622626	-0.093
622627	0.03
622628	-0.022
622629	0.494
622630	0.39
622631	0.018
622632	0.132
622633	0.141
622634	-3.144
622635	0.104
622636	1.483
622637	0.051
622638	0.644
622639	1.436
622640	-0.279
622641	-0.049
622642	0.12
622643	0.097
622644	-0.123
622645	0.155
622646	0.124
622647	0.142
622648	0.019
622649	0.117
622650	0.257
622651	-0.197
622652	0.235
622653	0.832
622654	0.002
622655	0.308
622656	0.346
622657	-0.017
622658	0.36
622659	1.131
622660	0.412
622661	0.274
622662	0.2
622663	0.189
622664	0.44
622665	0.592
622666	-0.044
622667	0.148
622668	0.118
622877	0.098
622878	0.102
622879	-0.426
622880	-0.29
622881	0.283
622882	0.202
622883	-2.521
622884	-0.231
622885	-0.333
622886	0.222
622887	-0.057
622888	0.005
622889	0.076
622890	-0.125
622891	-0.167
622892	-0.509
622893	0.533
622894	-0.178
622895	-0.041
622896	0.01
622897	-0.159
622898	-0.414
622899	-0.571
622900	-0.086
622901	-0.18
622902	0.011
622903	-0.325
622904	-0.178
622905	0.216
622906	0.098
622907	-0.077
622908	-0.015
622909	-0.083
622910	0.073
622911	-0.282
622912	-0.299
622913	0.257
622914	0.26
622915	-0.157
622916	-0.454
622917	0.292
622918	-0.597
622919	-0.1
622920	0.003
622921	0.307
622922	0.079
622923	-0.044
622924	0.119
622925	-0.459
622926	-0.169
622927	-0.006
622928	-0.082
622929	-0.142
622930	-0.037
622931	0.082
622932	0.159
622933	-0.65
622934	-0.123
622935	-0.156
622936	0.045
622937	0.059
622938	-0.123
622939	0.056
622940	0.046
622941	0.036
622942	-0.027
622943	-0.375
622944	-0.088
622945	0.11
622946	0.127
622947	0.008
622948	0.221
622949	-0.397
622950	0.041
622951	-0.364
622952	-0.12
622953	0.047
622954	-0.007
622955	-0.112
622956	0.091
622957	-0.125
622958	-0.032
622959	0.391
622960	0.149
622961	-0.058
622962	0.367
622963	0.17
622964	0.02
622965	0.173
622966	0.442
622967	0.292
622968	0.091
622969	0.035
622970	0.019
622971	-0.059
622972	0.147
622973	0.265
622974	-0.024
622975	-0.138
622976	0.128
622977	-0.029
622978	-1.591
622979	0.13
622980	0.157
622981	0.034
622982	0.152
622983	0.183
622984	0.194
622985	-0.049
622986	0.084
622987	0.131
622988	0.135
622989	0.19
622990	-0.048
622991	0.068
622992	0.049
622993	0.259
622994	-0.213
622995	-0.024
622996	0.08
622997	-0.118
622998	-0.239
622999	-0.766
623000	-0.008
623001	0.173
623002	-0.069
623003	0.206
623004	0.075
623005	-0.938
623006	0.061
623007	-0.379
623008	-0.81
623009	0.002
623010	0.975
623011	-0.023
623012	-0.097
623013	-0.128
623014	-0.257
623015	-0.361
623016	0.247
623017	-0.082
623018	-0.17
623019	-0.054
623020	0.302
623021	0.22
623022	0.022
623023	0.022
623024	0.04
623025	-0.169
623026	-0.107
623027	0.117
623028	-0.302
623029	0.448
623030	0.111
623031	0.052
623032	-0.09
623033	-0.045
623034	-0.067
623035	-3.534
623036	-0.101
623037	-0.017
623038	0.097
623039	0.144
623040	-0.128
623041	-0.081
623042	0.506
623043	0.214
623044	0.089
623045	0.191
623046	-0.252
623047	0.464
623048	0.382
623049	0.626
623050	0.085
623051	0.06
623052	1.36
623053	0.049
623054	0.046
623055	0.068
623056	-0.031
623057	0.347
623058	0.238
623059	0.011
623060	-1.096
623061	-0.561
623062	0.021
623063	-0.037
623064	0.53
623065	0.006
623066	0.025
623067	0.017
623068	0.422
623069	0.056
623070	1.001
623071	0.168
623072	0.944
623073	-0.08
623074	0.015
623075	0.246
623076	0.319
623285	0.26
623286	-0.26
623287	1.512
623288	0.071
623289	-0.109
623290	0.219
623291	0.313
623292	0.167
623293	0.527
623294	-0.012
623295	0.287
623296	0.254
623297	0.047
623298	0.399
623299	0.02
623300	-0.089
623301	-0.015
623302	-0.083
623303	0.09
623304	0.109
623305	0.412
623306	0.002
623307	-0.16
623308	0.048
623309	0.102
623310	-0.146
623311	-0.072
623312	-0.663
623313	-0.245
623314	-0.113
623315	-0.125
623316	-0.427
623317	0.276
623318	-0.589
623319	-0.114
623320	-0.296
623321	0.095
623322	-0.403
623323	-0.023
623324	0.077
623325	0.033
623326	-2.243
623327	0.442
623328	-0.304
623329	0.013
623330	0.127
623331	-0.164
623332	-0.07
623333	0.341
623334	-0.227
623335	0.037
623336	-0.297
623337	-0.048
623338	0.129
623339	-0.09
623340	0.352
623341	0.083
623342	0.075
623343	0.145
623344	-0.013
623345	-0.59
623346	-0.427
623347	0.085
623348	-0.471
623349	-0.48
623350	-0.103
623351	0.233
623352	-0.189
623353	0.193
623354	0.07
623355	0.136
623356	0.059
623357	-0.134
623358	0.256
623359	0.392
623360	-0.098
623361	0.444
623362	0.129
623363	0.213
623364	-0.273
623365	0.297
623366	0.107
623367	-0.7
623368	0.103
623369	0.062
623370	-0.658
623371	0.276
623372	0.294
623373	-0.032
623374	-0.423
623375	0.315
623376	-0.509
623377	0.156
623378	-0.631
623379	-0.178
623380	-0.052
623381	-0.052
623382	-0.084
623383	-0.067
623384	-0.153
623385	0.098
623386	-0.013
623387	0.236
623388	0.266
623389	-0.042
623390	-1.516
623391	-0.065
623392	0.037
623393	0.424
623394	-0.529
623395	0.154
623396	-0.022
623397	0.24
623398	0.071
623399	0.203
623400	0.077
623401	-0.259
623402	-0.635
623403	-0.614
623404	0
623405	0.14
623406	0.142
623407	-0.105
623408	0.127
623409	0.038
623410	0.209
623411	-0.584
623412	0.317
623413	-0.409
623414	-0.278
623415	0.266
623416	0.155
623417	0.078
623418	-0.158
623419	-0.471
623420	-0.105
623421	-0.011
623422	0.186
623423	0.183
623424	-0.169
623425	0.054
623426	0.17
623427	0.568
623428	-0.068
623429	0.063
623430	0.029
623431	0.047
623432	0.056
623445	0.878
623446	0.232
623447	0.045
623448	0.085
623449	0.543
623450	0.203
623451	0.152
623452	-0.269
623453	0.119
623454	0.193
623455	0.401
623456	0.044
623457	-0.118
623458	0.149
623459	0.948
623460	0.558
623461	0.223
623462	1.447
623463	-0.012
623464	0.082
623465	-0.424
623466	-0.733
623467	0.232
623468	-0.126
623469	0.396
623470	-0.092
623471	0.12
623472	-2.829
623473	-0.118
623474	0.063
623475	0.273
623476	1.524
623693	0.477
623694	-0.377
623695	-0.031
623696	-0.009
623697	0.089
623698	-0.056
623699	0.019
623700	-0.138
623701	-0.103
623702	0
623703	0.106
623704	0.071
623705	-0.682
623706	-0.848
623707	0.005
623708	0.037
623709	-0.011
623710	-0.244
623711	0.219
623712	-0.345
623713	-1.485
623714	0.019
623715	0.087
623716	-0.312
623717	-0.029
623718	0.337
623719	-0.081
623720	0.321
623721	-0.053
623722	0.119
623723	0.12
623724	0.286
623725	-0.183
623726	-0.268
623727	0.481
623728	0.498
623729	0.116
623730	-1.24
623731	-0.537
623732	-0.283
623733	0.076
623734	-0.151
623735	0.245
623736	0.213
623737	0.107
623738	0.133
623739	-0.3
623740	0.259
623741	0.209
623742	-0.383
623743	-0.308
623744	-0.458
623745	-0.406
623746	-0.01
623747	0.479
623748	-0.43
623749	-0.199
623750	-0.004
623751	-0.156
623752	-0.089
623753	0.085
623754	0.201
623755	0.223
623756	-0.471
623757	-0.144
623758	0.269
623759	-0.345
623760	0.059
623761	-0.003
623762	0.393
623763	0.061
623764	1.494
623765	0.025
623766	-0.194
623767	0.036
623768	0.141
623769	-0.137
623770	0.286
623771	0.144
623772	0.064
623773	-0.213
623774	-0.266
623775	-0.121
623776	-0.05
623777	-0.088
623778	-0.083
623779	-0.631
623780	-0.372
623781	0.064
623782	0.346
623783	-0.296
623784	0.36
623785	0.179
623786	-0.249
623787	0.418
623788	0.072
623789	0.201
623790	0.025
623791	-0.099
623792	-0.2
623793	0.031
623794	-0.297
623795	-0.019
623796	-0.004
623797	0.603
623798	0.225
623799	-0.417
623800	0.071
623801	0.045
623802	0.182
623803	-4.733
623804	-0.069
623805	0.214
623806	-0.039
623807	-0.9
623808	-0.069
623809	-0.155
623810	0.041
623811	0.048
623812	0.284
623813	1.372
623814	0.22
623815	-0.007
623816	-0.556
623817	0.027
623818	-0.019
623819	-0.092
623820	-0.323
623821	-0.15
623822	0.329
623823	-0.29
623824	-0.336
623825	0.055
623826	-0.337
623827	0.132
623828	-0.087
623829	-0.251
623830	0.131
623831	0.11
623832	-0.402
623833	-0.058
623834	-1.038
623835	-0.433
623836	-0.202
623837	0.104
623838	-0.346
623839	0.026
623840	0.081
623845	0.041
623846	-0.269
623847	0.007
623853	0.231
623854	-0.563
623855	0.364
623856	-0.075
623857	-0.01
623858	0.076
623859	-0.902
623860	0.101
623861	0.241
623862	-0.172
623863	-0.166
623864	0.698
623865	0.306
623866	0.074
623867	-0.076
623868	0.449
623869	0.263
623870	0.473
623871	0.179
623872	-0.022
623873	0.401
623874	-0.198
623875	0.047
623876	0.122
623877	0.233
623878	0.312
623879	0.044
623880	0.385
623881	0.188
623882	-0.091
623883	-0.392
623884	0.004
623885	0.026
623886	0.442
623887	-0.047
623889	0.154
623890	0.102
624101	0.175
624102	0.016
624103	-0.191
624104	-0.235
624105	0.348
624106	-1.489
624107	-0.022
624108	0.277
624109	0.177
624110	0.034
624111	0.127
624112	-0.055
624113	-0.089
624114	-0.14
624115	0.146
624116	-0.242
624117	0.059
624118	-0.441
624119	0.252
624120	-0.021
624121	0.251
624122	0.451
624123	0.229
624124	-0.204
624125	-0.905
624126	0.233
624127	0.568
624128	-0.06
624129	0.132
624130	-0.184
624131	0.001
624132	-0.22
624133	0.034
624134	0.305
624135	0.019
624136	-0.395
624137	0.223
624138	0.191
624139	0.044
624140	0.44
624141	0.086
624142	-0.728
624143	-0.387
624144	-0.049
624145	-0.338
624146	-0.26
624147	-0.281
624148	-0.191
624149	0.17
624150	-0.019
624151	0.016
624152	0.116
624153	0.139
624154	0.025
624155	-0.002
624156	-4.509
624157	-0.149
624158	0.091
624159	0.181
624160	-0.255
624161	-0.112
624162	0.254
624163	0.037
624164	-0.001
624165	-0.19
624166	-0.102
624167	0.172
624168	0.046
624169	0.387
624170	0.476
624171	-0.534
624172	0.036
624173	0.009
624174	0.301
624175	0.058
624176	-0.151
624177	0.094
624178	-0.116
624179	0.136
624180	0.203
624181	-0.227
624182	-0.196
624183	0.579
624184	-0.085
624185	-0.242
624186	0.098
624187	0.079
624188	-0.339
624189	-0.041
624190	-0.62
624191	0.377
624192	-0.027
624193	0.044
624194	-0.281
624195	0.096
624196	-1.873
624197	-0.088
624198	0.019
624199	0.289
624200	-0.26
624201	-0.107
624202	0.24
624203	-0.299
624204	0.009
624205	1.421
624206	-0.262
624207	0.002
624208	-0.254
624209	0.096
624210	-2.667
624211	0.065
624212	-0.062
624213	0.105
624214	0.142
624215	-0.221
624216	-0.124
624217	0.161
624218	0.055
624219	-0.025
624220	0.208
624221	0.033
624222	0.224
624223	0.027
624224	0.225
624225	-0.474
624226	-0.471
624227	0.046
624228	0.174
624229	0.249
624230	-0.042
624231	-0.155
624232	-0.099
624233	-0.188
624234	0.094
624235	0.075
624236	-0.653
624237	-0.552
624238	-0.089
624239	0.045
624240	-0.206
624241	-0.142
624242	0.184
624243	-0.152
624244	-0.493
624245	0.078
624246	-0.202
624247	0.007
624248	-0.042
624249	0.061
624250	0.054
624251	0.185
624253	0.37
624254	0.132
624255	0.02
624256	0.182
624257	-0.065
624258	-0.004
624259	-0.058
624260	-0.038
624261	-0.125
624262	0.282
624263	0.049
624264	-0.294
624265	1.29
624266	0.163
624267	0.092
624268	-1.496
624269	-0.105
624270	-0.166
624271	0.525
624272	-0.054
624273	0.137
624274	0.12
624275	-0.232
624276	0.284
624277	-0.567
624278	0.077
624279	0.531
624280	-0.255
624281	0.31
624282	0.468
624283	0.014
624284	0.145
624285	-0.992
624286	0.229
624287	0.554
624288	0.41
624289	0.566
624290	1.026
624291	0.192
624292	0.016
624293	0.171
624294	-0.989
624295	0.175
624296	0.043
624297	-0.377
624298	-0.257
624299	0.278
624300	0.188
624509	0.379
624510	0.184
624511	-0.469
624512	0.108
624513	0.187
624514	0.104
624515	0.097
624516	0.038
624517	-0.138
624518	0.079
624519	-0.087
624520	0.244
624521	-0.111
624522	-0.493
624523	-0.075
624524	-0.023
624525	0.105
624526	-0.34
624527	-0.198
624528	0.016
624529	0.157
624530	-0.739
624531	-0.057
624532	0.337
624533	-0.044
624534	0.112
624535	-0.037
624536	-0.726
624537	-0.018
624538	0.034
624539	-0.147
624540	0.02
624541	0.101
624542	0.019
624543	0.298
624544	0.316
624545	-0.104
624546	-0.217
624547	0.122
624548	0.343
624549	-0.274
624550	-0.179
624551	0.462
624552	0.034
624553	0.149
624554	0.201
624555	0.025
624556	1.222
624557	-2.044
624558	-0.466
624559	0.029
624560	-0.31
624561	0.323
624562	0.068
624563	0.083
624564	0.186
624565	-0.119
624566	0.173
624567	0.332
624568	0.5
624569	-0.059
624570	-0.794
624571	-0.295
624572	-2.058
624573	-0.149
624574	-0.434
624575	-0.049
624576	-0.183
624577	-0.387
624578	-0.552
624579	0.127
624580	-0.101
624581	-0.29
624582	-0.198
624583	0.067
624584	-0.625
624585	-0.23
624586	0.055
624587	0.251
624588	-0.092
624589	0.287
624590	-4.962
624591	-0.194
624592	0.183
624593	0.176
624594	-0.129
624595	0.353
624596	-0.06
624597	0.128
624598	-0.641
624599	0.213
624600	0.198
624601	0.208
624602	0.303
624603	-0.024
624604	-0.025
624605	0.157
624606	0.275
624607	0.106
624608	-0.008
624609	-0.217
624610	0.157
624611	0.223
624612	0.176
624613	0.16
624614	0.072
624615	0.148
624616	-0.267
624617	0.086
624618	-0.278
624619	0.169
624620	-0.91
624621	0.208
624622	-0.171
624623	-0.108
624624	-0.04
624625	-0.805
624626	-0.238
624627	0.229
624628	0.314
624629	-0.168
624630	-0.007
624631	-0.055
624632	-1.224
624633	0.337
624634	-0.314
624635	-0.088
624636	-0.004
624637	-0.351
624638	-0.854
624639	1.315
624640	-0.218
624641	-0.808
624642	-0.072
624643	-0.246
624644	0.005
624645	0.39
624646	0.055
624647	-0.158
624648	-0.255
624649	0.329
624650	-1.858
624651	-0.008
624652	-0.032
624653	-0.311
624654	-0.374
624655	-0.148
624656	0.125
624657	-0.223
624658	-0.465
624659	0.312
624660	-0.175
624661	0.182
624662	-0.166
624663	-0.276
624664	-0.022
624665	-0.114
624666	0.017
624667	-0.081
624668	-0.044
624669	0.042
624670	0.248
624671	0.933
624672	0.34
624673	0.149
624674	-0.034
624675	-1.039
624676	-0.082
624677	0.332
624678	-0.302
624679	0.627
624680	0.078
624681	0.289
624682	0.196
624683	-0.004
624684	0.797
624685	0.159
624686	-0.064
624687	0.303
624688	-0.559
624689	0.168
624690	0.037
624691	0.142
624692	0.342
624693	0.28
624694	0.493
624695	0.413
624696	-0.072
624697	-0.104
624698	0.543
624699	0.383
624700	0.217
624701	0.068
624702	0.054
624703	0.164
624704	0.312
624705	-0.101
624706	0.36
624707	-0.043
624708	0.53
624917	-0.065
624918	-0.051
624919	0.189
624920	-0.402
624921	0.024
624922	-0.183
624923	0.049
624924	-1.134
624925	-0.286
624926	-0.476
624927	-0.595
624928	-0.136
624929	-0.013
624930	-0.131
624931	0.177
624932	0.369
624933	-0.152
624934	-0.454
624935	-0.07
624936	-0.172
624937	0.157
624938	-0.394
624939	0.5
624940	-0.172
624941	0.009
624942	-0.208
624943	0.064
624944	0.214
624945	-0.618
624946	-0.044
624947	-0.151
624948	0.12
624949	-0.399
624950	-0.545
624951	0.475
624952	-0.977
624953	0.157
624954	0.076
624955	0.113
624956	0.045
624957	-0.141
624958	0.078
624959	-1.136
624960	-0.352
624961	0.148
624962	0.032
624963	-0.57
624964	0.334
624965	0.111
624966	-0.017
624967	0.102
624968	0.046
624969	0.122
624970	-0.069
624971	1.026
624972	0.837
624973	-0.088
624974	-0.33
624975	0.342
624976	-0.416
624977	-0.511
624978	-0.157
624979	0.274
624980	0.334
624981	-0.168
624982	-0.131
624983	0.515
624984	-0.191
624985	0.083
624986	-0.379
624987	0.141
624988	0.143
624989	-0.12
624990	0.18
624991	0.113
624992	-0.299
624993	0.257
624994	-0.696
624995	0.386
624996	-0.176
624997	0.094
624998	-0.061
624999	0.045
625000	0.146
625001	-0.013
625002	0.508
625003	-0.013
625004	-0.005
625005	0.46
625006	-0.445
625007	-0.059
625008	0.178
625009	-0.11
625010	0.094
625011	-0.01
625012	-0.011
625013	0.595
625014	0.118
625015	-0.025
625016	0.179
625017	-0.162
625018	0.109
625019	-0.246
625020	-0.209
625021	-0.617
625022	0.009
625023	-0.272
625024	0.174
625025	0.031
625026	0.008
625027	0.123
625028	0.117
625029	0.132
625030	-0.329
625031	-0.289
625032	-0.155
625033	-0.149
625034	-0.141
625035	0.145
625036	-0.184
625037	0.361
625038	0.035
625039	-0.509
625040	0.115
625041	-0.189
625042	0.142
625043	-0.281
625044	0.095
625045	-0.129
625046	-0.675
625047	0.168
625048	-0.322
625049	-0.058
625050	0.147
625051	0.034
625052	0.071
625053	-0.107
625054	-0.243
625055	-0.014
625056	0.114
625057	0.088
625058	-0.061
625059	0.013
625060	-0.651
625061	-0.074
625062	-0.267
625063	-0.086
625064	-0.11
625077	0.791
625078	-0.15
625079	-0.02
625080	-0.217
625081	0.425
625082	0.023
625083	0.175
625084	0.176
625085	-0.023
625086	0
625087	0.329
625088	-0.211
625089	0.423
625090	0.194
625091	0.311
625092	0.435
625093	0.16
625094	0.308
625095	-0.831
625096	0.061
625097	0.083
625098	1.383
625099	0.165
625100	-0.048
625101	0.695
625102	0.133
625103	0.276
625104	-0.036
625105	0.63
625106	1.377
625107	0.522
625108	-0.09
625325	-0.018
625326	0.013
625327	-0.06
625328	0.196
625329	0.224
625330	0.936
625331	0.044
625332	0.036
625333	-0.207
625334	0.387
625335	0.004
625336	0.178
625337	-0.074
625338	-0.233
625339	0.024
625340	-0.056
625341	0.104
625342	-0.517
625343	0.043
625344	0.292
625345	0.408
625346	-0.382
625347	0.406
625348	-0.273
625349	-0.108
625350	-1.243
625351	0.415
625352	-0.013
625353	-0.213
625354	0.028
625355	-0.042
625356	-0.459
625357	0.581
625358	0.183
625359	-0.148
625360	0.239
625361	0.251
625362	-0.005
625363	-0.142
625364	-0.157
625365	0.272
625366	0.04
625367	0.088
625368	0.103
625369	-0.333
625370	0.175
625371	0.043
625372	0.348
625373	0.132
625374	-0.648
625375	-0.257
625376	-0.076
625377	0.014
625378	-0.204
625379	-0.299
625380	0.066
625381	0.003
625382	-0.236
625383	0.395
625384	-0.214
625385	-0.026
625386	-0.145
625387	0.38
625388	0.419
625389	0.121
625390	-0.066
625391	-0.766
625392	0.075
625393	-0.06
625394	0.51
625395	0.08
625396	0.038
625397	-0.022
625398	-0.312
625399	-0.022
625400	-0.179
625401	0.136
625402	-0.352
625403	0.512
625404	-0.616
625405	0.013
625406	0.247
625407	0.023
625408	0.181
625409	0.193
625410	0.051
625411	0.27
625412	0.029
625413	-0.191
625414	0.125
625415	0.283
625416	-0.452
625417	0.011
625418	0.075
625419	0.527
625420	-0.321
625421	0.033
625422	-0.526
625423	-0.024
625424	-0.162
625425	-0.156
625426	-0.965
625427	0.051
625428	0.013
625429	0.107
625430	-0.159
625431	-0.196
625432	0.074
625433	-0.239
625434	-0.019
625435	-0.034
625436	0.057
625437	-0.151
625438	-0.403
625439	-1.876
625440	0.037
625441	-0.555
625442	0.081
625443	-0.425
625444	0.37
625445	-0.333
625446	0.022
625447	-0.34
625448	-0.371
625449	-0.066
625450	0.37
625451	-0.078
625452	-0.394
625453	0.663
625454	0.209
625455	-0.054
625456	-0.118
625457	0.075
625458	-0.053
625459	-0.172
625460	-0.035
625461	-0.114
625462	-0.064
625463	0.323
625464	0.056
625465	0.102
625466	0.118
625467	-0.265
625468	0.381
625469	0.138
625470	0.17
625471	-0.027
625472	-0.193
625477	0.099
625478	-0.269
625479	0.314
625485	0.009
625486	0.283
625487	-0.192
625488	0.283
625489	0.074
625490	0.055
625491	0.314
625492	0.288
625493	0.023
625494	0.198
625495	-0.401
625496	0.312
625497	-0.054
625498	0.037
625499	0.493
625500	1.337
625501	0.158
625502	1.414
625503	-1.162
625504	0.162
625505	-0.014
625506	0.082
625507	0.041
625508	-0.051
625509	-0.34
625510	0.376
625511	0.137
625512	-0.037
625513	-0.685
625514	0.374
625515	0.315
625516	0.11
625517	0.196
625518	0.104
625519	0.461
625521	0.048
625522	0.673
625733	0.111
625734	-0.119
625735	-0.315
625736	-0.043
625737	0.288
625738	0.242
625739	-0.734
625740	-0.212
625741	0.374
625742	0.064
625743	-0.096
625744	0.103
625745	0.075
625746	0.583
625747	-0.151
625748	-0.123
625749	0.006
625750	-0.464
625751	0.18
625752	0.212
625753	-0.344
625754	-0.514
625755	-0.384
625756	0.127
625757	-0.344
625758	-0.026
625759	-0.065
625760	-0.001
625761	0.08
625762	0.108
625763	0.335
625764	1.785
625765	1.511
625766	-0.738
625767	0.187
625768	0.335
625769	-0.701
625770	-0.859
625771	0
625772	1.004
625773	-0.415
625774	-0.178
625775	0.127
625776	0.108
625777	-0.083
625778	-0.317
625779	0.119
625780	0.315
625781	0.076
625782	0
625783	-0.349
625784	0.208
625785	0.095
625786	-0.258
625787	0.112
625788	0.117
625789	0.01
625790	-0.141
625791	-0.102
625792	0.54
625793	0.016
625794	0.218
625795	0.074
625796	-0.005
625797	0.306
625798	-0.117
625799	-0.332
625800	0.004
625801	0.264
625802	1.1
625803	-0.485
625804	0.762
625805	0.445
625806	0.058
625807	-0.17
625808	-0.108
625809	-1.28
625810	0.118
625811	0.376
625812	0.085
625813	-0.381
625814	0.08
625815	-0.476
625816	0.226
625817	-0.151
625818	-0.297
625819	0.325
625820	0.056
625821	0.106
625822	0.178
625823	-0.193
625824	0.224
625825	0.094
625826	-0.147
625827	0.087
625828	0.114
625829	0.064
625830	-0.236
625831	-0.553
625832	-0.469
625833	0.128
625834	1.595
625835	-0.066
625836	0.057
625837	0.706
625838	-0.251
625839	-0.184
625840	0.069
625841	-0.315
625842	0.106
625843	0.3
625844	-0.118
625845	-0.226
625846	-0.132
625847	-0.18
625848	-0.119
625849	0.091
625850	0.396
625851	-0.695
625852	-0.402
625853	-0.536
625854	-0.486
625855	-0.029
625856	0.275
625857	-0.005
625858	1.325
625859	-0.03
625860	-0.585
625861	-0.374
625862	-0.162
625863	-0.2
625864	1.381
625865	-0.042
625866	0.036
625867	-0.012
625868	-0.148
625869	-0.879
625870	0.183
625871	-0.696
625872	0.1
625873	-0.091
625874	-0.256
625875	0.848
625876	-0.167
625877	0.692
625878	-1.439
625879	0.563
625880	-0.024
625881	-0.132
625882	-0.224
625883	-0.339
625885	-0.035
625886	-0.005
625887	0.277
625888	0.69
625889	-0.12
625890	0.072
625891	-0.169
625892	-0.041
625893	-0.001
625894	-0.059
625895	0.043
625896	0.038
625897	0.779
625898	-0.12
625899	0.39
625900	0.214
625901	-1.392
625902	0.02
625903	-1.109
625904	0.255
625905	0.041
625906	-0.789
625907	0.179
625908	0.364
625909	0.176
625910	0.266
625911	-0.006
625912	0.143
625913	0.199
625914	0.084
625915	0.037
625916	0.219
625917	0.181
625918	1.739
625919	1.336
625920	0.231
625921	-0.041
625922	0.037
625923	0.259
625924	0.333
625925	-0.03
625926	-0.28
625927	0.227
625928	0.058
625929	0.171
625930	-0.021
625931	0.202
625932	0.091
626141	-0.001
626142	0.244
626143	-0.061
626144	0.431
626145	0.132
626146	0.053
626147	0.102
626148	0.139
626149	-0.089
626150	-0.204
626151	0.207
626152	-0.513
626153	0.209
626154	-0.019
626155	0.099
626156	-0.06
626157	-0.238
626158	0.161
626159	-0.028
626160	0.02
626161	0.06
626162	0.109
626163	-0.124
626164	0.037
626165	0.174
626166	-0.253
626167	0.214
626168	0.035
626169	0.068
626170	0.069
626171	0.015
626172	0.026
626173	-0.159
626174	-0.129
626175	0.084
626176	0.061
626177	-0.029
626178	-0.036
626179	0.395
626180	-0.375
626181	-0.44
626182	0.056
626183	-0.191
626184	-0.249
626185	0.086
626186	0.063
626187	0.175
626188	0.112
626189	-0.038
626190	-0.494
626191	0.137
626192	0.291
626193	-0.319
626194	-0.222
626195	0.084
626196	-0.514
626197	0.43
626198	-0.089
626199	0.081
626200	0.239
626201	-0.063
626202	-0.003
626203	0.079
626204	0.062
626205	-0.677
626206	0.179
626207	-0.246
626208	0.211
626209	0.258
626210	-0.051
626211	0.279
626212	0.126
626213	-0.099
626214	-0.157
626215	-0.075
626216	-0.308
626217	-0.155
626218	0.165
626219	0.033
626220	-0.332
626221	-0.228
626222	0.207
626223	-2.403
626224	-0.308
626225	0.034
626226	0.233
626227	0.621
626228	0.139
626229	-0.124
626230	-0.213
626231	0.047
626232	0.078
626233	-0.026
626234	0.305
626235	-0.057
626236	-0.173
626237	-0.029
626238	-0.388
626239	0.149
626240	-0.201
626241	-0.111
626242	0.066
626243	0.045
626244	0.157
626245	0.045
626246	-0.406
626247	-0.092
626248	0.145
626249	-0.22
626250	-0.232
626251	-0.11
626252	-1.117
626253	0.098
626254	0.062
626255	-0.25
626256	0.201
626257	0.187
626258	-0.218
626259	0.047
626260	-0.243
626261	-0.538
626262	0.165
626263	-0.423
626264	-0.273
626265	-0.117
626266	-0.186
626267	-2.726
626268	-0.133
626269	0.248
626270	0.243
626271	0.229
626272	0.023
626273	-0.311
626274	0.114
626275	-0.336
626276	-0.007
626277	0.06
626278	-0.275
626279	-0.249
626280	-0.02
626281	0.053
626282	-0.198
626283	0.017
626284	-0.289
626285	0.176
626286	-0.062
626287	0.073
626288	0.015
626289	-0.262
626290	-0.063
626291	-0.455
626292	0.018
626293	-0.645
626294	-1.376
626295	0.46
626296	0.188
626297	-0.059
626298	-0.097
626299	-0.125
626300	-0.073
626301	0.144
626302	0.423
626303	0.089
626304	0.25
626305	0.139
626306	0.012
626307	-0.325
626308	0.052
626309	-0.048
626310	-0.033
626311	0.931
626312	1.006
626313	-0.087
626314	0.016
626315	1.697
626316	0.144
626317	0.44
626318	0.043
626319	0.06
626320	0.246
626321	1.159
626322	0.683
626323	0.331
626324	0.407
626325	0.216
626326	0.267
626327	0.318
626328	0.042
626329	-0.714
626330	-0.037
626331	-0.134
626332	0.081
626333	0.25
626334	0.093
626335	0.2
626336	0.19
626337	0.099
626338	-0.03
626339	0.235
626340	-0.065
626549	0.222
626550	0.171
626551	-0.001
626552	-0.204
626553	-0.527
626554	0.196
626555	0.105
626556	0.032
626557	-0.169
626558	0.112
626559	0.209
626560	0.115
626561	0.076
626562	1.304
626563	0.12
626564	0.217
626565	0.481
626566	0.431
626567	-0.032
626568	-0.011
626569	-0.127
626570	-3.278
626571	0.11
626572	-0.042
626573	-0.385
626574	0.127
626575	0.009
626576	-0.86
626577	0.287
626578	-1.043
626579	0.316
626580	0.149
626581	-0.001
626582	-0.272
626583	0.229
626584	-0.156
626585	-0.088
626586	0.144
626587	-0.568
626588	0.047
626589	-0.035
626590	0.161
626591	0.378
626592	-1.572
626593	0.244
626594	-0.089
626595	-0.423
626596	-0.643
626597	-0.043
626598	0.041
626599	0.161
626600	0.051
626601	-0.109
626602	0.049
626603	0.382
626604	-1.314
626605	-0.365
626606	0.186
626607	0.103
626608	0.111
626609	-0.208
626610	0.045
626611	-0.028
626612	0.331
626613	-0.593
626614	-0.09
626615	0.168
626616	0.098
626617	0.072
626618	-0.416
626619	-0.122
626620	0.199
626621	-0.099
626622	-0.24
626623	0.591
626624	0.236
626625	0.565
626626	0.135
626627	1.2
626628	-0.154
626629	-0.029
626630	0.016
626631	-0.003
626632	-0.527
626633	0.092
626634	0.098
626635	-0.054
626636	-0.523
626637	-0.234
626638	-0.042
626639	-0.117
626640	-0.175
626641	0.261
626642	-0.076
626643	-0.072
626644	0.211
626645	-0.015
626646	-0.301
626647	0.049
626648	0.726
626649	0.018
626650	0.047
626651	0.127
626652	0.161
626653	-0.079
626654	-0.434
626655	0.186
626656	0.04
626657	0.045
626658	0.514
626659	-0.338
626660	-0.169
626661	-0.081
626662	-0.094
626663	0.123
626664	-0.489
626665	0.123
626666	0.005
626667	-0.556
626668	-0.137
626669	0.187
626670	-0.324
626671	0.041
626672	-0.036
626673	-0.048
626674	0.128
626675	-0.104
626676	0.191
626677	-0.705
626678	-0.041
626679	0.251
626680	-0.321
626681	0.31
626682	-0.175
626683	-0.282
626684	-0.13
626685	0.089
626686	0.029
626687	0.029
626688	0.063
626689	-0.481
626690	0.279
626691	0.193
626692	-0.23
626693	0.035
626694	0.304
626695	-0.22
626696	0.094
626709	0.001
626710	0.199
626711	1.688
626712	0.266
626713	0.044
626714	0.127
626715	0.533
626716	0.074
626717	0.253
626718	0.137
626719	-0.153
626720	-0.423
626721	0.499
626722	0.162
626723	-0.339
626724	0.099
626725	-0.265
626726	0.553
626727	-0.037
626728	0.276
626729	-0.214
626730	0.245
626731	0.176
626732	0.458
626733	0.256
626734	-0.412
626735	0.034
626736	0.088
626737	0.365
626738	0.297
626739	0.271
626740	0.071
626957	-0.003
626958	0.074
626959	0.192
626960	0.011
626961	-0.126
626962	0.09
626963	-0.086
626964	0.103
626965	0.045
626966	-0.074
626967	0.298
626968	0.367
626969	-0.279
626970	-0.246
626971	0.187
626972	-0.126
626973	0.304
626974	-0.166
626975	-0.145
626976	-0.517
626977	-0.07
626978	-0.336
626979	0.985
626980	0.15
626981	0.175
626982	0.223
626983	-0.267
626984	-0.027
626985	-0.018
626986	-0.467
626987	-0.14
626988	-0.307
626989	-0.068
626990	0.272
626991	0.171
626992	-0.054
626993	0.018
626994	-0.171
626995	-0.002
626996	-0.177
626997	0.234
626998	0.079
626999	0.227
627000	0.026
627001	0.162
627002	-0.032
627003	0.132
627004	0.025
627005	0.111
627006	-0.034
627007	0.667
627008	0.112
627009	-0.041
627010	-0.141
627011	0.462
627012	0.222
627013	-0.306
627014	0.046
627015	0.076
627016	0.106
627017	-1.102
627018	-0.343
627019	-0.258
627020	-0.085
627021	-0.025
627022	0.11
627023	0.12
627024	1.249
627025	-0.044
627026	-0.079
627027	0.229
627028	0.447
627029	-0.629
627030	-2.877
627031	0.11
627032	-0.169
627033	0.099
627034	0.024
627035	-0.011
627036	0.266
627037	-0.105
627038	0.522
627039	-0.152
627040	-3.954
627041	-0.081
627042	-0.098
627043	0.103
627044	0.089
627045	0.697
627046	0.079
627047	0.584
627048	0.146
627049	-0.081
627050	-0.318
627051	0.211
627052	0.224
627053	0.285
627054	-0.251
627055	-0.311
627056	0.247
627057	0.124
627058	1.197
627059	0.208
627060	1.347
627061	-0.474
627062	0.029
627063	0.102
627064	0.042
627065	0.233
627066	0.159
627067	0.091
627068	0.008
627069	0.471
627070	0.049
627071	0.338
627072	0.084
627073	0.137
627074	-0.092
627075	-0.609
627076	-0.342
627077	0.049
627078	0.383
627079	0.343
627080	-0.184
627081	0.005
627082	0.137
627083	1.334
627084	0.081
627085	0.341
627086	0.004
627087	0.078
627088	-0.228
627089	-0.012
627090	-0.211
627091	-0.254
627092	1.054
627093	0.029
627094	0.007
627095	0.337
627096	-0.173
627097	-1.027
627098	-0.19
627099	1.23
627100	-0.611
627101	0.128
627102	0.222
627103	-0.123
627104	0.482
627109	0.146
627110	-0.456
627117	0.237
627118	-0.079
627119	0.144
627120	-0.076
627121	-0.018
627122	-2.275
627123	0.072
627124	-0.018
627125	0.044
627126	0.314
627127	0.175
627128	-0.522
627129	0.163
627130	0.185
627131	0.499
627132	0.044
627133	0.237
627134	-0.065
627135	0.122
627136	0.435
627137	0.051
627138	-0.348
627139	0.515
627140	-0.009
627141	0.05
627142	0.017
627143	0.176
627144	1.074
627145	0.249
627146	0.212
627147	-0.184
627148	-0.568
627149	0.364
627150	0.429
627151	1.281
627153	0.082
627154	-0.203
627365	0.204
627366	-0.096
627367	0.056
627368	0.005
627369	-0.208
627370	-0.043
627371	0.019
627372	0.347
627373	-0.153
627374	-0.721
627375	-0.607
627376	-0.142
627377	-0.147
627378	-0.689
627379	-0.017
627380	0.11
627381	0.12
627382	-1.035
627383	0.259
627384	-0.226
627385	-1.264
627386	-0.196
627387	0.096
627388	-0.008
627389	0.004
627390	1.194
627391	0.046
627392	0.076
627393	-0.007
627394	-0.046
627395	-0.403
627396	0.111
627397	0.007
627398	-0.206
627399	-0.748
627400	-0.188
627401	-0.056
627402	-0.339
627403	-0.081
627404	0.033
627405	-0.105
627406	0.465
627407	-1.718
627408	0.195
627409	0.009
627410	-0.936
627411	-0.951
627412	0.261
627413	0.005
627414	-0.598
627415	0.207
627416	0.072
627417	-2.086
627418	-0.101
627419	-0.117
627420	0.033
627421	0.018
627422	0.136
627423	0.077
627424	0.395
627425	-1.145
627426	-0.05
627427	-0.328
627428	-0.165
627429	0.494
627430	-0.086
627431	-3.02
627432	-0.318
627433	-0.338
627434	0.063
627435	-0.228
627436	0.411
627437	0.059
627438	0.199
627439	-0.134
627440	-0.485
627441	-0.329
627442	0.119
627443	0.044
627444	-0.076
627445	-0.025
627446	0.123
627447	0.136
627448	-0.398
627449	0.595
627450	0.153
627451	-0.032
627452	0.395
627453	0.122
627454	-0.336
627455	-0.266
627456	-0.176
627457	-0.424
627458	0.035
627459	-0.16
627460	-0.148
627461	0.035
627462	0.012
627463	0.015
627464	-0.169
627465	0.035
627466	-0.443
627467	-0.329
627468	0.142
627469	0.013
627470	-0.009
627471	-0.103
627472	0.108
627473	0.139
627474	-0.406
627475	-0.381
627476	0.074
627477	-0.06
627478	-0.014
627479	-0.004
627480	-0.354
627481	0.049
627482	0.148
627483	-0.023
627484	-0.043
627485	-0.072
627486	0.055
627487	-1.611
627488	0.068
627489	-0.05
627490	-0.016
627491	-0.537
627492	-0.547
627493	-0.019
627494	-0.665
627495	-0.414
627496	-0.082
627497	-0.084
627498	-0.298
627499	-0.011
627500	-0.485
627501	0.275
627502	0.295
627503	-0.131
627504	0.182
627505	-0.087
627506	-0.102
627507	0.119
627508	-0.102
627509	0.087
627510	0.034
627511	-0.065
627512	0.012
627513	-0.32
627514	0.075
627517	-0.059
627518	-0.088
627519	-0.199
627520	0.296
627521	-0.002
627522	0.049
627523	0.113
627524	-0.008
627525	-0.202
627526	0.203
627527	0.127
627528	0.399
627529	0.903
627530	0.178
627531	0.296
627532	0.056
627533	0.044
627534	0.397
627535	-0.032
627536	-0.022
627537	0.407
627538	0.22
627539	-0.63
627540	-0.03
627541	0.516
627542	0.015
627543	0.07
627544	0.115
627545	-0.006
627546	0.31
627547	0.386
627548	0.182
627549	0.311
627550	0.803
627551	0.175
627552	0.365
627553	0.047
627554	-0.022
627555	0.319
627556	0.224
627557	0.279
627558	0.163
627559	0.126
627560	-0.087
627561	-0.164
627562	0.601
627563	-0.09
627564	0.07
627773	-0.127
627774	0.064
627775	0.362
627776	-0.247
627777	-0.322
627778	0.114
627779	-0.042
627780	0.121
627781	0.298
627782	0.12
627783	0.091
627784	0.036
627785	-0.1
627786	0.041
627787	-0.109
627788	0.12
627789	0.048
627790	0.102
627791	-0.072
627792	-0.377
627793	0.172
627794	-0.075
627795	-0.233
627796	0.158
627797	0.208
627798	0.082
627799	0.038
627800	-0.782
627801	-0.621
627802	-3.271
627803	-0.376
627804	0.155
627805	0.383
627806	0.076
627807	0.115
627808	-0.329
627809	-0.042
627810	-0.395
627811	-0.04
627812	0.606
627813	0.211
627814	0.188
627815	-0.058
627816	0.226
627817	0.071
627818	-0.139
627819	0.348
627820	-0.187
627821	-0.075
627822	0.042
627823	-0.021
627824	-0.073
627825	-0.047
627826	-0.685
627827	-0.164
627828	-0.306
627829	-0.004
627830	-4.544
627831	0.53
627832	-0.78
627833	0.249
627834	-2.889
627835	-0.083
627836	-0.085
627837	-0.218
627838	-0.334
627839	0.5
627840	0.138
627841	-0.099
627842	-0.507
627843	-0.221
627844	-0.337
627845	-0.077
627846	-0.049
627847	0.337
627848	0.124
627849	-0.086
627850	0.038
627851	0.114
627852	0.152
627853	0.187
627854	0.044
627855	0.343
627856	-0.281
627857	0.019
627858	0.004
627859	0.057
627860	-0.001
627861	-1.041
627862	0.084
627863	-0.578
627864	0.206
627865	0.296
627866	-0.243
627867	-0.839
627868	-0.678
627869	-0.143
627870	0.098
627871	-0.22
627872	0.049
627873	-0.023
627874	0.116
627875	-0.539
627876	-0.285
627877	0.09
627878	0.095
627879	-0.023
627880	0.137
627881	-0.058
627882	0.139
627883	-0.634
627884	-1.702
627885	0.17
627886	0.178
627887	-0.481
627888	0.09
627889	0.087
627890	0.179
627891	-0.783
627892	0.191
627893	-0.067
627894	-0.131
627895	0.054
627896	0.269
627897	0.521
627898	0.065
627899	0.051
627900	0.134
627901	-0.034
627902	0.018
627903	-0.551
627904	-0.088
627905	0.047
627906	-0.211
627907	-0.167
627908	0.013
627909	0.016
627910	-0.086
627911	-0.734
627912	-0.694
627913	0.086
627914	-0.136
627915	-0.517
627916	0.059
627917	0.406
627918	-0.15
627919	0.311
627920	-0.713
627921	0.531
627922	0.454
627923	-0.083
627924	-0.099
627925	-1.124
627926	-0.017
627927	0.05
627928	0.286
627929	-0.099
627930	-0.028
627931	-0.033
627932	-0.084
627933	0.202
627934	0.075
627935	0.23
627936	0.625
627937	-0.072
627938	-0.067
627939	-0.068
627940	-0.094
627941	1.062
627942	0.333
627943	0.193
627944	-0.294
627945	0.096
627946	0.123
627947	0.505
627948	0.044
627949	-0.179
627950	0.197
627951	-0.269
627952	0.137
627953	0.206
627954	-0.174
627955	0.536
627956	-0.408
627957	0.118
627958	0.269
627959	0.026
627960	0.252
627961	0.212
627962	0.149
627963	-0.03
627964	0.479
627965	0.349
627966	0.162
627967	0.174
627968	0
627969	0.011
627970	-0.127
627971	0.095
627972	1.062
